"","total_nitrogen","zinc","molybdenum","iron","copper","sodium","phosphorus","potassium","calcium","magnesium","sulphur","manganese","boron","crop_name"
"CF177PA1335",1.59659469127655,4.5,0.1,28.9,2.46,8.41,0.17,0.71,0.34,0.1,0.13,56.3,13.8,"Macadamia"
"CF177PA1336",1.53056204319,4.27,0.25,25.9,3.19,10.7,0.19,0.79,0.35,0.097,0.13,34,16.6,"Macadamia"
"CF177PA1337",1.52455151081085,4.06,0.1,23.9,2.73,13.4,0.17,0.72,0.28,0.087,0.12,33.1,13.2,"Macadamia"
"CF177PA1338",1.62692439556122,6.35,0.19,40.4,2.25,11.5,0.17,0.76,0.3,0.1,0.11,26.9,16.2,"Macadamia"
"CF177PA1356",1.78973281383514,9.99,0.82,53.6,4.34,26.8,0.2,0.95,0.87,0.17,0.31,54.6,50.3,"Macadamia"
"CF177PA1328",2.19081926345825,6.98,0.48,20.8,5.63,12.9,0.18,0.93,0.28,0.099,0.17,12.2,12.7,"Macadamia"
"CF177PA1329",1.94892561435699,8,0.16,180,2.22,306,0.12,1.26,0.65,0.24,0.33,11.5,41.1,"Macadamia"
"CF177PA1325",1.73700892925262,4.98,0.44,26.2,2.9,24.1,0.17,0.85,0.23,0.097,0.12,29.5,14,"Macadamia"
"CF177PA1326",2.27706170082092,5.07,0.27,74,2.94,28.8,0.15,1.19,0.61,0.14,0.26,52.8,50.1,"Macadamia"
"CF177PA1327",1.96094477176666,5.95,0.34,22.6,3.92,7.66,0.17,1.07,0.2,0.098,0.15,38.1,13,"Macadamia"
"CF177PA1470",2.78700566291809,188,0.85,111,8.49,14.4,0.15,0.92,1.6,0.24,0.24,931,99.1,"Pecan Nut"
"CV002PA0730",1.20661687850952,31,0.78,99.6,6.05,54.4,0.21,1.33,0.5,0.22,0.17,20.1,24.1,"Avocado"
"AGD517-90PA0001",1.5887109041214,19.9,0.72,122,8.13,29.7,0.1,1.2,1.9,0.44,0.2,284,11.2,"Avocado"
"CF177PA0795",1.57614088058472,9.79,0.1,142,3.43,128,0.12,0.85,0.93,0.13,0.29,2390,44,"Macadamia"
"CF177PA0843",1.19801390171051,7.83,0.1,83.1,3.96,40.2,0.13,0.86,0.35,0.091,0.15,609,65.7,"Macadamia"
"CF177PA0844",1.2248649597168,10.5,0.1,108,5.6,46,0.2,1.02,0.37,0.1,0.19,416,38.3,"Macadamia"
"CV002PA0737",1.18234384059906,31.4,0.2,122,1080,40.5,0.097,0.99,1.45,0.56,0.36,285,46.4,"Avocado"
"CF177PA0847",1.20165657997131,12,0.1,67.3,4.19,42,0.2,1.12,0.42,0.11,0.15,178,36.8,"Macadamia"
"CF177PA0846",1.38291609287262,11.3,0.1,61.1,4.81,45.6,0.21,1.06,0.34,0.12,0.18,291,38.7,"Macadamia"
"CF177PA0845",1.19750201702118,11.5,0.1,65.8,5.27,42.3,0.2,1.01,0.34,0.13,0.16,180,27.5,"Macadamia"
"CF177PA0849",1.56530261039734,9.47,0.1,62.3,2.58,34.2,0.15,0.89,0.29,0.095,0.15,80.6,11,"Macadamia"
"CF177PA0848",1.79108893871307,12.4,0.1,53.3,4.58,39.3,0.25,1.24,0.3,0.12,0.16,237,15.9,"Macadamia"
"CA554PA0001",1.30561423301697,5.53,0.1,118,4.78,76.4,0.068,0.64,0.82,0.051,0.11,1780,13.3,"Macadamia"
"CK002PA3057",1.64532518386841,12.3,0.46,102,3.62,21.7,0.058,0.45,0.97,0.056,0.16,2920,46.3,"Macadamia"
"CK002PA3058",1.67682254314423,12.7,0.33,142,3.74,26.3,0.06,0.59,1.07,0.083,0.21,2670,54,"Macadamia"
"CK002PA3059",1.77273869514465,11.6,0.68,55.5,5.39,24.5,0.11,0.79,0.58,0.085,0.22,2110,18.7,"Macadamia"
"CF177PA1200",1.65498399734497,91,0.71,138,4.12,17.1,0.12,1.01,1.18,0.3,0.19,1090,33.7,"Pecan Nut"
"CF177PA1010",3.23794054985046,70.1,0.23,97.2,8.75,36.6,0.16,1,1.02,0.34,0.22,433,37,"Pecan Nut"
"CF177PA1011",2.90479445457459,51.9,0.25,92.5,8.72,14,0.15,1.29,1.16,0.34,0.22,471,59.8,"Pecan Nut"
"CF177PA1013",3.44819498062134,295,2.75,76.7,10.9,7.7,0.28,1.63,1.36,0.36,0.34,501,31.9,"Pecan Nut"
"CF177PA1012",2.95388460159302,296,1.75,83.4,8.05,7.72,0.2,1.4,1.38,0.25,0.25,781,69.5,"Pecan Nut"
"CM034PA0122",0.95812052488327,14.8,0.1,30.2,9.06,20.9,0.16,1.85,0.071,0.13,0.096,15.4,15.3,"Avocado"
"CM034PA0123",1.27421891689301,12.9,0.1,31.4,9.2,24.8,0.15,1.6,0.08,0.13,0.1,10.8,15.8,"Avocado"
"CA028PA0463",3.78434443473816,29.4,0.1,128,109,21,0.19,1.33,1.69,0.6,0.27,451,28.2,"Avocado"
"CA028PA0464",3.32894659042358,28.8,0.1,129,28,14.9,0.19,1.5,1.67,0.59,0.27,740,20.4,"Avocado"
"CF177PA1134",1.28229105472565,17.5,0.1,52.2,5.81,10.4,0.17,1.25,0.46,0.2,0.17,166,26.1,"Avocado"
"CF177PA1135",2.42838883399963,32.2,0.21,94.6,16.1,63.4,0.3,1.86,0.57,0.23,0.24,255,73,"Avocado"
"CF177PA1136",1.96034109592438,22.8,0.39,65,11.6,15.8,0.19,1.75,0.62,0.19,0.21,70.5,30.3,"Avocado"
"CK002PA3060",1.59468686580658,9.76,0.34,51,4.33,20.8,0.092,0.64,0.51,0.075,0.16,1710,22.9,"Macadamia"
"CF177PA1137",2.00417137145996,21.4,0.18,67.4,13.2,22.9,0.22,1.34,0.31,0.21,0.2,192,26.1,"Avocado"
"CF177PA1128",2.07161617279053,53.4,2.28,66.2,6.6,117,0.24,1.28,1.7,0.25,0.18,755,86.1,"Pecan Nut"
"CF177PA1129",2.51794695854187,148,0.41,85,15,39,0.32,1.58,0.9,0.29,0.16,642,52.5,"Pecan Nut"
"CF177PA1138",1.91350162029266,27.4,0.17,76.4,18.8,19.6,0.19,1.31,0.55,0.23,0.19,241,27.8,"Avocado"
"CF177PA1127",2.14763832092285,38,2.25,148,5.1,23.7,0.26,1.44,1.36,0.34,0.18,1580,43.5,"Pecan Nut"
"CM034PA0124",1.07990717887878,18.8,0.1,26.4,13.5,13.6,0.17,2.03,0.05,0.1,0.11,14.7,22.7,"Avocado"
"CK002PA3065",1.48975026607513,9.06,0.47,81.9,4.19,34.6,0.089,0.65,0.44,0.079,0.13,1730,16.7,"Macadamia"
"CK002PA3061",1.61902296543121,8.72,0.36,34.5,5.46,22.3,0.087,0.62,0.31,0.072,0.14,878,12.9,"Macadamia"
"CK002PA3062",1.62654149532318,10.9,0.1,86.1,4.24,27.1,0.075,0.66,0.62,0.072,0.18,2040,25.7,"Macadamia"
"CK002PA3063",1.63442778587341,14,0.26,117,3.59,17.6,0.069,0.63,0.84,0.081,0.21,2530,40,"Macadamia"
"CK002PA3064",1.51902043819427,8.45,0.32,80.8,3.25,39.9,0.06,0.63,0.51,0.066,0.15,1980,25.4,"Macadamia"
"CF177PA1130",2.53633666038513,20.6,1.75,93.1,5.43,46.4,0.17,1.38,1.12,0.31,0.22,645,47.5,"Pecan Nut"
"CF177PA1131",2.63253331184387,31.9,0.9,66.3,4.66,45.2,0.3,1.54,1.15,0.34,0.19,1700,50.2,"Pecan Nut"
"CF177PA1132",2.70963358879089,30.6,0.66,64.8,8.09,60.8,0.3,1.14,0.87,0.28,0.21,737,48.4,"Pecan Nut"
"CF177PA1133",2.94663071632385,58.6,0.92,97,10.4,44,0.41,1.47,0.96,0.27,0.18,1050,39.8,"Pecan Nut"
"CF177PA1126",2.58182215690613,72.3,2.91,168,8.13,36.7,0.33,1.58,1.15,0.25,0.19,676,40.6,"Pecan Nut"
"CF177PA1139",1.86466360092163,27.3,0.3,107,16,16,0.21,1.47,0.35,0.24,0.21,262,30.9,"Avocado"
"CF177PA1140",1.63219082355499,29,0.73,170,56.6,54,0.2,1.32,0.36,0.23,0.16,163,22.8,"Avocado"
"CF177PA1141",2.01230502128601,22.6,0.21,73.2,12,23.6,0.21,1.33,0.77,0.23,0.19,40.1,32.3,"Avocado"
"CK002PA3066",1.51589822769165,8.84,0.1,87.6,2.14,34,0.045,0.47,0.89,0.055,0.16,3390,38.6,"Macadamia"
"CK002PA3068",1.57135713100433,8.55,0.11,54.5,3.4,10.4,0.069,0.53,0.34,0.058,0.12,1250,17,"Macadamia"
"CK002PA3067",1.56748592853546,8.76,0.23,122,3.12,27.4,0.053,0.54,0.62,0.055,0.14,3200,32.8,"Macadamia"
"CF177PA1215",3.45731568336487,359,0.73,98.6,10.4,14.4,0.23,1.13,1.12,0.41,0.19,1460,51.7,"Pecan Nut"
"CF177PA1216",3.78045797348022,275,0.32,73.4,10.4,16.5,0.22,1.47,0.87,0.27,0.23,865,62.1,"Pecan Nut"
"CF177PA1225",3.7042875289917,141,0.1,67.9,9.69,18.4,0.26,1.46,0.92,0.31,0.24,628,29.7,"Pecan Nut"
"CF177PA1226",3.2379367351532,343,2.79,63.4,1.67,15.9,0.27,1.57,1.37,0.41,0.24,541,43.4,"Pecan Nut"
"CF177PA1219",3.44371223449707,225,0.1,71.9,11.2,23.9,0.22,1.5,0.98,0.37,0.21,1320,46.1,"Pecan Nut"
"CF177PA1206",3.6091525554657,36.8,0.1,72.5,3.24,26.9,0.26,1.49,0.94,0.31,0.23,993,26.9,"Pecan Nut"
"CF177PA1207",3.14429450035095,47.2,0.1,85.7,5.51,23.8,0.21,1.38,0.84,0.27,0.23,693,21,"Pecan Nut"
"CF177PA1209",3.33104395866394,31.8,0.42,57.3,3.63,19.5,0.31,1.49,0.81,0.25,0.24,257,23.6,"Pecan Nut"
"CF177PA1210",3.42313408851624,80,4.76,207,6.23,17.6,0.29,1.36,1.23,0.28,0.22,219,42,"Pecan Nut"
"CF177PA1211",4.0985541343689,203,0.43,64.1,8.68,23.6,0.31,1.31,0.96,0.35,0.24,480,32.1,"Pecan Nut"
"CF177PA1227",3.48493146896362,156,1.34,54.1,11.6,16.6,0.27,1.39,1.01,0.24,0.25,631,52.7,"Pecan Nut"
"CF177PA1212",3.64242553710938,196,1.02,106,7.73,20.2,0.27,1.37,1.04,0.3,0.2,598,34,"Pecan Nut"
"CF177PA1228",3.27825856208801,222,1.44,64.7,10.4,34.8,0.25,1.5,0.95,0.5,0.21,768,37.4,"Pecan Nut"
"CF177PA1229",2.99708318710327,236,5,261,13.2,14.4,0.27,1.63,0.87,0.26,0.18,380,37.2,"Pecan Nut"
"CF177PA1214",3.62342047691345,220,0.1,165,13.3,26.3,0.17,0.92,1.45,0.32,0.24,949,63.6,"Pecan Nut"
"CF177PA1208",3.31717395782471,14.3,0.25,63.5,2.32,17.1,0.18,0.93,0.83,0.33,0.17,783,4.61,"Pecan Nut"
"CF177PA1220",3.77858829498291,218,0.71,67.4,3.46,15,0.22,1.46,0.74,0.26,0.22,740,41.2,"Pecan Nut"
"CF177PA1213",3.28208327293396,467,1.12,101,9.08,18.8,0.25,1.18,0.94,0.32,0.22,1220,30.1,"Pecan Nut"
"CK002PA3047",1.47132170200348,10.9,0.25,99.1,2.79,32.3,0.054,0.48,0.77,0.071,0.18,3590,48.5,"Macadamia"
"CK002PA3045",1.72879803180695,11.7,0.1,130,2.92,0.21,0.052,0.64,0.9,0.069,0.2,3400,54.9,"Macadamia"
"CK002PA3046",1.49244999885559,13,0.1,122,3.6,7.1,0.049,0.41,0.79,0.071,0.16,3840,54.2,"Macadamia"
"CF177PA1201",2.23245072364807,40.8,0.5,86.1,8.02,15.5,0.16,1.25,1.23,0.27,0.24,567,40.3,"Pecan Nut"
"CF177PA1202",1.90056312084198,149,0.4,95.8,3.38,19.8,0.13,1.26,1.4,0.3,0.21,1100,42.4,"Pecan Nut"
"CF177PA1203",2.45515275001526,147,9.17,444,20.9,10.8,0.16,1.23,1.61,0.37,0.24,1540,70.1,"Pecan Nut"
"CF177PA1204",1.97277247905731,100,0.69,86.9,5.9,18.1,0.14,1.05,1.43,0.24,0.21,1430,41.1,"Pecan Nut"
"CF177PA1205",3.02252006530762,81.1,0.57,134,9.78,12.5,0.19,0.98,1.57,0.3,0.24,1370,58.5,"Pecan Nut"
"CK002PA3044",1.46630132198334,12.1,0.1,103,3.31,23.8,0.048,0.55,0.89,0.072,0.25,4760,53.6,"Macadamia"
"CK002PA3049",1.58078503608704,9.51,0.1,85,2.98,26.8,0.056,0.49,0.81,0.08,0.16,2980,39.5,"Macadamia"
"CK002PA3050",1.49361872673035,13.2,0.1,202,3.8,29.9,0.056,0.59,0.91,0.078,0.24,3190,32.3,"Macadamia"
"CF177PA1107",1.39193367958069,12.5,0.1,39.7,6.3,6.05,0.16,0.83,0.26,0.093,0.16,497,14.7,"Macadamia"
"CF177PA1111",1.1936662197113,6.52,0.1,45.1,2.97,12.6,0.11,0.66,0.44,0.12,0.16,932,25.2,"Macadamia"
"CF177PA1108",1.00294363498688,6.85,0.1,42.6,3.16,7.89,0.17,0.89,0.43,0.1,0.15,1210,91.8,"Macadamia"
"CF177PA1112",1.46503782272339,9.67,0.1,35.7,2.94,12.6,0.14,0.77,0.38,0.094,0.14,275,38.5,"Macadamia"
"CF177PA1109",1.44552040100098,8.51,0.1,37.5,4.43,10.6,0.14,0.82,0.28,0.11,0.19,478,16.3,"Macadamia"
"CF177PA1110",1.45764863491058,14.3,0.1,39.3,5.98,14.3,0.18,0.83,0.14,0.095,0.16,134,14.8,"Macadamia"
"CF177PA1113",1.37910759449005,12.8,0.23,33.7,7.31,9.76,0.2,0.75,0.22,0.12,0.15,303,14.8,"Macadamia"
"CF177PA1114",1.12749409675598,7.33,0.1,46.3,2.64,12.1,0.12,0.74,0.32,0.11,0.13,274,16.4,"Macadamia"
"CF177PA1115",0.996568024158478,7.43,0.15,39.7,2.39,20.4,0.089,0.66,0.4,0.081,0.15,271,23.2,"Macadamia"
"CF177PA1116",1.18186497688293,8.77,0.1,41.4,3.41,19.4,0.11,0.61,0.38,0.084,0.16,349,33.4,"Macadamia"
"CF177PA1117",1.10674166679382,9.58,0.1,31.7,3.69,13.9,0.18,0.75,0.22,0.087,0.13,376,19.4,"Macadamia"
"CF177PA1118",1.41981768608093,9.99,0.1,28.8,3.66,14.6,0.15,0.79,0.19,0.089,0.15,261,12.8,"Macadamia"
"CF177PA1119",1.36851596832275,8.42,0.1,30,5.42,9.68,0.14,0.78,0.18,0.1,0.17,385,14.3,"Macadamia"
"CV002PA0749",2.27239060401917,52.5,0.79,95,1230,36.5,0.13,0.91,1.93,0.7,0.46,509,40.4,"Avocado"
"CF177PA1334",1.8442702293396,5.79,0.18,30.5,2.5,18,0.21,1.1,0.3,0.13,0.17,34.6,24.7,"Macadamia"
"CK002PA3051",1.69917285442352,12.3,1.51,139,5.62,22.3,0.06,0.58,1.08,0.087,0.19,5960,60.9,"Macadamia"
"CK002PA3052",1.66790282726288,9.44,0.33,50.1,5.47,32.6,0.11,0.89,0.41,0.11,0.19,1100,14.6,"Macadamia"
"CK002PA3053",1.54061770439148,12.5,0.15,127,2.64,32.8,0.068,0.63,1.03,0.068,0.2,1820,41.5,"Macadamia"
"CK002PA3054",1.45923626422882,11.6,0.1,145,4.36,25.3,0.078,0.72,0.71,0.089,0.2,2210,22.2,"Macadamia"
"CK002PA3055",1.55715334415436,10.2,0.1,88.9,3.85,27.8,0.072,0.64,0.78,0.085,0.2,2310,28.4,"Macadamia"
"CK002PA3056",1.52345180511475,12.3,0.1,113,3.31,33.5,0.056,0.54,0.96,0.062,0.19,3720,52.7,"Macadamia"
"CF177PA1197",2.99515414237976,7.34,0.1,44.5,1.96,13.8,0.14,0.65,0.39,0.085,0.13,196,10.1,"Macadamia"
"CF177PA1217",3.69390225410461,348,1.54,66.5,4.24,25.9,0.23,1.43,1.07,0.31,0.23,559,99.7,"Pecan Nut"
"CF177PA1221",3.3257110118866,156,1.49,72.2,3.67,33.4,0.3,1.43,1.25,0.27,0.23,802,34.4,"Pecan Nut"
"CF177PA1222",3.09926009178162,40.8,0.8,65.7,2.43,19.4,0.17,1.26,0.83,0.19,0.19,138,66.6,"Pecan Nut"
"CF177PA1223",3.41004037857056,480,1.75,78.3,7.07,29.5,0.24,1.6,0.94,0.32,0.21,741,67.7,"Pecan Nut"
"CF177PA1224",3.38362431526184,169,0.1,68.5,6.23,27.6,0.17,1.02,0.94,0.32,0.23,852,53.8,"Pecan Nut"
"CF177PA1218",3.57060527801514,510,0.99,102,7.69,16.1,0.31,1.4,1.27,0.34,0.23,1130,31.5,"Pecan Nut"
"CK002PA3309",1.6076512336731,4.78,0.2,66,3.86,0.65,0.066,0.71,0.58,0.069,0.12,1160,23.3,"Macadamia"
"CK002PA3310",1.87768042087555,5.65,0.68,74.3,5.06,6.23,0.061,0.58,0.52,0.072,0.13,706,24.5,"Macadamia"
"CK002PA3311",1.67243897914886,4.5,0.18,61.2,3.06,1.43,0.059,0.55,0.65,0.055,0.13,1310,20.5,"Macadamia"
"CF177PA1098",2.12354373931885,26.2,0.28,56,11.5,180,0.36,1.06,0.59,0.16,0.3,409,46.6,"Macadamia"
"CK002PA3312",1.66269743442535,6.49,0.22,81.4,3.88,6,0.056,0.68,0.5,0.063,0.14,616,24,"Macadamia"
"CF177PA1097",1.81044852733612,18.7,0.34,56,8.74,25.6,0.26,0.77,0.61,0.13,0.25,971,24.4,"Macadamia"
"CF177PA1099",1.55675768852234,19.3,0.55,47.5,8.03,54.2,0.23,0.74,0.4,0.11,0.2,468,29.3,"Macadamia"
"CF177PA1100",2.11132431030273,23.4,0.38,47.2,11.3,70.7,0.27,1.03,0.33,0.13,0.23,165,32.1,"Macadamia"
"CF177PA1101",1.74198222160339,30,0.3,57.9,10,40.6,0.27,0.98,0.51,0.15,0.28,443,28.6,"Macadamia"
"CF177PA1102",2.65575695037842,37.5,0.31,49.8,14.5,94.1,0.39,1.39,0.62,0.17,0.37,237,41.4,"Macadamia"
"CF177PA1103",1.80892181396484,18,0.47,44.7,8.29,59.2,0.23,0.9,0.46,0.13,0.23,788,30.9,"Macadamia"
"CF177PA1104",2.06430339813232,21.6,0.76,50.6,10.3,52.4,0.26,1.12,0.51,0.15,0.24,225,36.9,"Macadamia"
"CF177PA1330",1.82421851158142,5.96,0.23,27.8,2.79,4.4,0.12,0.96,0.45,0.14,0.15,34,36.5,"Macadamia"
"CF177PA1331",1.75412046909332,6.07,0.42,29.6,3.06,5.2,0.18,0.89,0.31,0.095,0.14,40.6,12.8,"Macadamia"
"CF177PA1332",1.89033818244934,7.58,0.43,30.9,4.19,33.4,0.22,1.14,0.39,0.1,0.17,26.7,16.1,"Macadamia"
"CF177PA1333",1.73931932449341,5.6,0.1,43.2,3.13,37.6,0.24,1.38,0.37,0.13,0.18,21.1,27,"Macadamia"
"CK002PA3313",1.73289704322815,5.69,0.61,80.8,4.79,12.6,0.07,0.71,0.73,0.065,0.13,980,26.3,"Macadamia"
"CK002PA3314",1.76492345333099,6.69,0.1,78,3.97,2.44,0.062,0.69,0.66,0.077,0.12,1280,32.8,"Macadamia"
"CK002PA3315",1.58413815498352,5.13,0.18,85.1,3.46,5.16,0.079,0.56,0.49,0.059,0.11,787,25.8,"Macadamia"
"CK002PA3316",1.65342724323273,5.96,0.1,66.1,3.57,10.8,0.06,0.72,0.5,0.068,0.12,649,20.9,"Macadamia"
"CK002PA3317",1.63428854942322,5.37,0.1,58.4,4.36,5.7,0.067,0.69,0.48,0.057,0.11,719,21.1,"Macadamia"
"CK002PA3301",1.66796720027924,7.26,0.1,78.2,5,12.6,0.061,0.75,0.58,0.067,0.12,1130,23.1,"Macadamia"
"CK002PA3302",1.57999634742737,10.3,0.1,80.4,7.36,3.14,0.084,0.72,0.6,0.071,0.13,1000,24.7,"Macadamia"
"CK002PA3318",1.56575119495392,5.61,0.1,50.4,4.82,11.1,0.071,0.64,0.58,0.063,0.11,1020,20.4,"Macadamia"
"CK002PA3319",1.77644968032837,7.88,0.1,49.6,3.76,5.83,0.078,0.53,0.48,0.057,0.11,492,16.5,"Macadamia"
"CK002PA3306",1.55323708057404,7.11,0.5,58.7,5.43,26.1,0.061,0.71,0.6,0.067,0.11,870,24.7,"Macadamia"
"CK002PA3307",1.9077912569046,6.56,0.24,66.1,4.61,6.22,0.062,0.62,0.53,0.058,0.12,535,32.2,"Macadamia"
"CK002PA3320",1.83183908462524,10.1,0.1,60.4,3.43,3.67,0.074,0.64,0.45,0.069,0.12,780,15.6,"Macadamia"
"CK002PA3321",1.83125686645508,6.81,0.1,65,3.44,1.96,0.068,0.61,0.42,0.07,0.11,835,19.3,"Macadamia"
"CK002PA3322",1.91073822975159,7.63,0.1,57.1,3.09,4.85,0.084,0.59,0.44,0.066,0.13,582,16.1,"Macadamia"
"CK002PA3308",1.77116048336029,6.69,0.1,95.3,4.21,6.47,0.063,0.64,0.68,0.073,0.14,1230,33.8,"Macadamia"
"CK002PA3303",1.91556715965271,6.27,0.1,86.4,3.12,10.1,0.068,0.75,0.58,0.053,0.12,779,32.2,"Macadamia"
"CK002PA3304",1.63805484771729,10.9,0.11,61.2,4.69,7.77,0.068,0.54,0.44,0.067,0.11,543,19.4,"Macadamia"
"CK002PA3305",1.6065171957016,6.68,0.1,67.4,4.33,4.24,0.064,0.68,0.68,0.061,0.13,1140,30.6,"Macadamia"
"CK002PA3323",1.76663875579834,6.48,0.39,61.8,6.34,10.4,0.092,0.59,0.38,0.068,0.11,617,11.8,"Macadamia"
"CK002PA3324",1.70319509506226,6.39,0.1,53.3,3.61,2.18,0.069,0.73,0.47,0.073,0.13,881,16.4,"Macadamia"
"CK002PA3325",1.86094510555267,6.55,0.1,51.1,8.45,3.14,0.075,0.65,0.39,0.065,0.13,656,13,"Macadamia"
"CS103PA0111",2.78781461715698,54.1,0.45,176,6.4,5.68,0.2,1.43,0.82,0.27,0.23,473,28.8,"Avocado"
"FA324-714PA0001",2.41347432136536,36.6,0.38,127,16.8,33.4,0.29,1.53,0.47,0.24,0.18,392,24.8,"Avocado"
"CS103PA0112",2.93177556991577,42.5,0.33,122,6.67,0.05,0.21,1.35,0.81,0.24,0.25,500,23.5,"Avocado"
"CV002PA0750",0.757206380367279,22.1,1.82,73.1,5.14,29.9,0.13,1.51,0.76,0.2,0.15,31.9,81.5,"Avocado"
"CF177PA1474",2.33589649200439,25,0.18,78.9,2.57,6.86,0.18,0.94,0.79,0.8,0.28,394,39.4,"Avocado"
"CF177PA1475",1.24610376358032,46.7,0.67,111,7.87,7.18,0.16,0.95,0.85,0.6,0.2,868,17.7,"Avocado"
"CF177PA1471",2.35010528564453,189,0.36,134,7.11,13.5,0.14,0.69,1.47,0.34,0.19,618,66,"Pecan Nut"
"FA324-236PA0001",2.191875,26.4,0.32,92.9,7.9,14.6,0.27,1.35,0.91,0.26,0.26,130,24.7,"Avocado"
"CA028PA0207",2.554125,17.8,0.1,234,107,41.5,0.13,0.7,2.4,0.77,0.18,523,33.7,"Avocado"
"CA170PA0315",1.8965034965035,29,0.1,117,33.5,11.8,0.12,0.87,1.49,0.48,0.22,650,15.8,"Avocado"
"CV002PA0687",2.554125,26.7,0.45,149,9.81,46.8,0.25,1.06,1.16,0.62,0.4,531,42.4,"Avocado"
"CV002PA0688",2.47905,37.2,0.5,160,13.2,72.1,0.29,1.54,0.82,0.4,0.29,157,50.5,"Avocado"
"CK002PA2064",2.5494,35.6,0.1,159,123,94.1,0.1,0.77,1.71,0.59,0.18,2530,48.8,"Avocado"
"CK002PA2067",2.539425,29.1,0.1,222,157,81.3,0.12,0.89,1.31,0.49,0.2,1970,51.2,"Avocado"
"CK002PA2074",2.7006,29.4,0.1,155,45.8,66.7,0.12,0.93,0.92,0.47,0.17,1430,32.4,"Avocado"
"CA028PA0186",2.720025,25.3,0.45,249,83.9,47.5,0.15,0.99,1.59,0.52,0.19,361,38.5,"Avocado"
"CA028PA0192",2.6691,21.4,0.1,199,150,54.3,0.14,1.23,1.99,0.71,0.19,367,45.3,"Avocado"
"CA028PA0201",2.660175,35,0.4,260,150,37.8,0.16,1.25,2.31,0.59,0.31,235,47.9,"Avocado"
"CS103PA0105",2.47466516494751,37.4,0.1,97.4,10.4,20,0.18,1.32,0.66,0.21,0.21,712,23.5,"Avocado"
"CS103PA0106",2.22245454788208,40.3,0.35,105,10.3,13.1,0.16,1.11,0.72,0.24,0.19,596,21.1,"Avocado"
"CS103PA0107",2.23157453536987,44,0.1,114,8.64,11.5,0.16,1.17,0.79,0.22,0.2,520,24.4,"Avocado"
"CS103PA0108",2.65239071846008,44.5,0.25,127,6.9,12.9,0.17,1.25,0.82,0.26,0.21,623,24.7,"Avocado"
"CS103PA0109",2.6236457824707,44.8,0.45,129,8.39,36.9,0.18,1.37,0.72,0.27,0.21,464,25.6,"Avocado"
"CS103PA0110",2.59066295623779,46.1,0.5,133,4.27,19,0.2,1.28,0.94,0.27,0.22,272,22.5,"Avocado"
"CF177PA1472",5.14881992340088,341,1.57,126,6.21,17.6,0.29,0.72,1.23,0.16,0.2,820,107,"Pecan Nut"
"CA170PA0506",5.45895,24.3,0.1,122,28.6,42.3,0.12,0.78,1.31,0.32,0.19,568,15.3,"Avocado"
"CK002PA1956",1.5162,50.1,1.2,176,45.8,42,0.083,0.9,1.67,0.54,0.19,792,36,"Avocado"
"CK002PA1957",2.536275,79.5,0.8,342,35.3,62.2,0.16,1.15,1.48,0.62,0.16,464,28.9,"Avocado"
"FA222-21PA0001",1.708875,25.3,4.58,128,6.07,3.76,0.12,1.59,1.77,0.37,0.2,505,59.2,"Avocado"
"CV002PA0724",0.699971437454224,9.59,0.41,43.2,10.7,34.2,0.065,0.6,0.68,0.51,0.11,78.1,28.6,"Avocado"
"CF177PA0687",1.27647268772125,8.88,0.9,182,3.37,3.77,0.15,0.59,0.74,0.11,0.2,115,44.1,"Macadamia"
"CF177PA0685",1.45615470409393,5.98,0.57,118,2.33,6.2,0.17,0.7,0.62,0.11,0.19,109,30.6,"Macadamia"
"CF177PA0688",1.62949538230896,6.18,0.7,54.8,3.4,1.84,0.23,1.19,0.37,0.11,0.2,27,25.8,"Macadamia"
"CT257PA0005",1.81967651844025,28.1,0.11,71.7,5.95,10.3,0.11,0.77,1.68,0.61,0.22,449,20.4,"Avocado"
"CF177PA0686",1.2136036157608,13.6,0.89,118,5.21,19.2,0.19,0.87,0.43,0.11,0.2,37.2,30,"Macadamia"
"CF177PA0694",1.71150398254395,10.3,0.8,69.4,4.76,5.6,0.3,1.21,0.42,0.13,0.34,28.1,45.5,"Macadamia"
"CF177PA0695",1.14592957496643,7.12,0.32,85.4,2.33,4.44,0.16,0.62,0.55,0.15,0.15,71.3,28.4,"Macadamia"
"CF177PA0692",1.40036034584045,7.26,0.32,81.4,3.54,12.7,0.19,1.08,0.32,0.097,0.27,45.6,43.1,"Macadamia"
"CF177PA0693",1.36384642124176,6.1,0.1,103,1.84,3.5,0.17,0.66,0.66,0.13,0.23,179,38.3,"Macadamia"
"CF177PA0684",1.6966689825058,19.9,0.9,115,9.22,47.3,0.16,1.31,0.44,0.11,0.27,50.5,54.6,"Macadamia"
"CF177PA0683",1.42782270908356,12.8,0.44,150,4.36,10.4,0.16,0.63,0.56,0.1,0.21,112,31.2,"Macadamia"
"CF177PA0689",1.60761964321136,9.35,0.25,132,2.96,23.7,0.14,0.72,0.84,0.14,0.24,189,38.8,"Macadamia"
"CF177PA0690",1.45548701286316,8.99,0.1,42.6,3.37,12.1,0.19,0.97,0.25,0.1,0.17,25,24.6,"Macadamia"
"CF177PA0696",1.14243996143341,6.9,0.81,105,2.04,1.73,0.18,1.25,0.27,0.068,0.16,15.1,38.4,"Macadamia"
"CF177PA0691",1.32835125923157,8.13,0.35,110,1.96,12.8,0.087,0.64,0.97,0.18,0.18,255,41.2,"Macadamia"
"CA028PA0466",1.0399581193924,17.7,0.1,35.5,10.3,116,0.14,1.51,0.062,0.11,0.099,18.4,27.5,"Avocado"
"CB016PA0016",1.953,27.1,0.12,132,37.5,22.9,0.068,0.94,0.98,0.4,0.12,1070,14.2,"Avocado"
"CM034PA0101",2.83278632164001,21.2,0.1,119,67.6,20.8,0.15,0.77,2.21,0.74,0.28,1320,23.8,"Avocado"
"CM034PA0102",2.48576593399048,27.2,0.1,111,9.97,6.48,0.15,1.16,1.44,0.56,0.26,841,29.8,"Avocado"
"CM034PA0103",2.26502799987793,23.9,0.26,107,13.3,8.88,0.15,0.89,1.87,0.69,0.3,792,24.4,"Avocado"
"CF177PA0609",1.29495799541473,10.9,0.21,28.1,8.54,19.8,0.14,0.89,0.21,0.096,0.13,359,13.5,"Macadamia"
"CF177PA0610",1.35129332542419,9.02,0.14,48.2,22.9,10.3,0.12,0.72,0.38,0.1,0.13,408,18.3,"Macadamia"
"CB016PA0017",2.36565,24.2,0.72,142,16.5,32.5,0.12,1.06,1.12,0.52,0.17,1040,20.7,"Avocado"
"FA324-368PA0001",2.18706293706294,35.2,0.16,84.4,5.67,20.4,0.16,1.2,0.57,0.23,0.19,190,30.4,"Avocado"
"FA324-368PA0002",2.11468531468531,35.7,0.1,86.5,7.04,13.6,0.16,1.22,0.6,0.26,0.2,371,52.1,"Avocado"
"CF177PA0611",1.35435914993286,9.21,0.1,53.7,4.7,4.33,0.12,0.73,0.2,0.096,0.15,508,12,"Macadamia"
"CK002PA1958",1.498875,20.6,0.12,30,8.09,0.05,0.16,1.74,0.12,0.15,0.11,36.9,41.9,"Avocado"
"CV002PA0698",2.11048951048951,35.2,0.64,98.3,16.2,34.8,0.28,1.49,1.34,0.42,0.47,89.6,35.5,"Avocado"
"CK154PA0003",2.13550353050232,22.5,0.24,149,6.09,35.2,0.14,1.15,0.75,0.36,0.18,273,30,"Avocado"
"CK154PA0004",2.07144474983215,18.7,0.54,188,6.1,26.5,0.1,1.38,0.83,0.37,0.17,390,51,"Avocado"
"CK154PA0005",2.33985447883606,21.6,0.42,88.3,6.31,19.4,0.18,1.49,0.79,0.4,0.18,115,42.1,"Avocado"
"CK154PA0006",2.20980167388916,21.9,0.14,158,5.37,30.8,0.14,1.39,0.61,0.28,0.17,475,51,"Avocado"
"CO105PA0001",2.58073426573427,19.2,0.28,99.4,4.84,42.4,0.2,1.39,0.36,0.31,0.13,227,18.6,"Avocado"
"CO105PA0002",2.28424825174825,12.1,0.48,108,50.8,17,0.12,0.67,0.89,0.28,0.14,167,21.1,"Avocado"
"CO105PA0003",2.33270979020979,15.9,0.21,128,4.53,19.4,0.15,1.03,0.31,0.2,0.12,26.6,19.1,"Avocado"
"CO105PA0004",2.27034965034965,18.6,1.07,232,11.6,10.1,0.15,1.37,0.31,0.22,0.13,56.2,13.8,"Avocado"
"CO105PA0005",2.17814685314685,16.2,1.29,64.8,8.6,16.9,0.19,1.21,0.42,0.27,0.13,150,14,"Avocado"
"CO105PA0006",2.28755244755245,12.6,0.23,79.2,6.98,14.9,0.14,0.76,0.43,0.21,0.13,104,16.2,"Avocado"
"CO105PA0007",2.34629370629371,16.1,0.52,74.7,4.48,23.2,0.16,0.9,0.39,0.2,0.15,36.8,27.4,"Avocado"
"CO105PA0008",2.04629370629371,13.9,0.4,99.8,8.64,14.4,0.11,0.96,0.3,0.17,0.098,121,8.19,"Avocado"
"CA028PA0172",2.40135,17,0.15,177,313,36.9,0.13,0.8,0.98,0.52,0.17,441,22.6,"Avocado"
"CE066PA3506",1.54038461538462,13.7,0.15,127,6.18,60.1,0.15,0.76,0.91,0.1,0.12,729,30.8,"Macadamia"
"CE066PA3513",1.57027972027972,9.99,0.26,71.2,5.27,77.5,0.079,0.77,0.71,0.092,0.11,646,19.2,"Macadamia"
"CK002PA2238",2.19734265734266,31.6,0.14,56,8.17,24.3,0.17,1.66,0.17,0.15,0.13,41.3,50.1,"Avocado"
"CK002PA2239",1.64087412587413,25.8,0.18,39.9,7.98,8.11,0.2,1.82,0.15,0.19,0.13,46,67.8,"Avocado"
"CK002PA2240",3.13615384615385,29.4,0.1,42.7,8.44,1.59,0.16,1.68,0.17,0.19,0.13,110,37.8,"Avocado"
"CA028PA0234",5.86552447552448,26.3,0.1,110,113,20.8,0.2,1.13,1.29,0.39,0.29,109,41.6,"Avocado"
"CK025PA0472",1.52937062937063,10.4,0.1,116,10.4,8.92,0.055,0.5,0.74,0.082,0.14,2830,30.5,"Macadamia"
"CK025PA0452",1.79737762237762,10.9,0.31,317,8.2,36.6,0.078,0.67,0.56,0.086,0.15,1910,33.6,"Macadamia"
"CK025PA0499",1.93059440559441,10.4,0.35,93.8,6.46,5.7,0.058,0.53,0.73,0.082,0.15,3390,35.4,"Macadamia"
"CS018PA0003",2.73199300699301,19.6,2.2,48.9,3.4,5.26,0.19,1.93,2.12,0.48,0.23,111,45.8,"Avocado"
"CS018PA0004",3.02884615384615,28.9,4.13,61.8,2.17,1.39,0.17,1.19,1.47,0.39,0.25,150,27.8,"Avocado"
"CF177PA0254",3.00525283813477,374,1.87,96.3,8.69,9.37,0.3,1.43,1.05,0.44,0.27,264,41.1,"Pecan Nut"
"CF177PA0255",3.01016712188721,299,2.03,78.4,8.47,0.35,0.27,1.55,1.09,0.43,0.32,141,33.3,"Pecan Nut"
"CF177PA0256",2.67114806175232,290,0.58,153,5.46,0.05,0.17,1.51,1.15,0.42,0.26,1610,29,"Pecan Nut"
"CF177PA0257",2.40284705162048,150,0.79,124,3.69,0.05,0.21,1.6,0.84,0.43,0.27,562,37.6,"Pecan Nut"
"CF177PA0258",3.21610999107361,130,1.23,82.4,6.5,0.05,0.33,1.78,0.99,0.3,0.28,357,31.9,"Pecan Nut"
"CF177PA0259",3.74259543418884,224,3.6,74.2,9.21,0.05,0.34,1.79,1.09,0.45,0.26,138,66.3,"Pecan Nut"
"CF177PA0260",2.5029661655426,599,1.84,73.1,10.1,0.61,0.23,1.27,1.45,0.51,0.24,310,44.2,"Pecan Nut"
"CF177PA0261",3.08725023269653,143,2.81,73.8,7.72,0.05,0.31,1.82,0.9,0.37,0.27,244,31.4,"Pecan Nut"
"CF177PA0271",1.28624594211578,7.9,0.1,221,4.93,37.1,0.1,0.83,0.4,0.14,0.19,608,11.3,"Macadamia"
"CF177PA0616",0.951760411262512,8.33,0.1,24,4.29,13.2,0.12,0.64,0.22,0.086,0.11,315,14.6,"Macadamia"
"CA028PA0286",2.3694908618927,21,0.1,184,87.5,13.3,0.16,1,1.15,0.51,0.22,494,33.3,"Avocado"
"CA028PA0300",2.32261180877686,22.9,0.18,142,28,27,0.18,1.11,1.07,0.54,0.24,431,21.3,"Avocado"
"CA028PA0298",1.89786505699158,30.5,0.64,95.8,74.9,15.4,0.15,1.22,0.88,0.43,0.19,550,21.7,"Avocado"
"CF177PA0280",2.75745725631714,77.5,1.08,77.6,21.9,7.07,0.2,1.66,0.48,0.24,0.24,128,46.3,"Avocado"
"CR029PA0050",2.40408277511597,23.8,0.16,88.2,6.72,15.3,0.11,1.1,1.47,0.61,0.2,628,45.1,"Avocado"
"CR029PA0051",1.50460934638977,21.1,0.11,99.3,7.5,16,0.085,0.86,1.3,0.62,0.12,627,48.5,"Avocado"
"CR029PA0052",2.75218915939331,127,0.1,113,7.9,14.8,0.12,1.49,1.49,0.48,0.2,1040,25.7,"Avocado"
"CF177PA0283",2.67157793045044,75.3,0.81,101,26.3,4.68,0.28,1.96,0.38,0.22,0.26,204,101,"Avocado"
"CF177PA0284",2.34311819076538,84.1,1.31,75.4,21.5,0.21,0.21,1.79,0.5,0.25,0.25,226,67.2,"Avocado"
"CF177PA0285",2.48647236824036,76.8,2.15,86.3,24.2,3.88,0.27,2.03,0.55,0.24,0.25,155,80.8,"Avocado"
"FA324-300PA0001",2.79388111888112,41.3,0.12,73.1,15.2,16.8,0.31,1.49,0.56,0.22,0.23,574,22.6,"Avocado"
"CA028PA0299",2.20486283302307,19.9,0.42,162,52.3,19.7,0.17,0.92,1.43,0.59,0.34,187,23.9,"Avocado"
"CA028PA0301",2.07883143424988,17.8,0.47,116,134,25,0.15,0.95,1.04,0.52,0.22,332,29.6,"Avocado"
"CK002PA2396",1.9177972027972,11.7,0.38,295,3.35,12.4,0.055,0.47,1,0.071,0.15,4600,73.9,"Macadamia"
"CK002PA2404",1.82129370629371,7.33,0.38,94.7,4.03,1.97,0.076,0.53,0.43,0.075,0.14,1060,32.6,"Macadamia"
"CE066PA3127",1.39545,4.72,0.1,60.4,4.2,54.1,0.062,0.66,0.77,0.076,0.12,1100,20.1,"Macadamia"
"CE066PA3121",1.370775,5.34,0.1,70.7,4.95,37.8,0.068,0.68,0.6,0.083,0.11,629,23.7,"Macadamia"
"CE066PA3122",1.46265,4.84,0.1,80,4.69,37.5,0.048,0.63,0.69,0.072,0.11,1020,23.4,"Macadamia"
"CE066PA3123",1.5267,4.17,0.1,94,4.26,45.7,0.054,0.6,0.76,0.071,0.12,1360,22.3,"Macadamia"
"CE066PA3124",1.3965,6.31,0.1,96.2,4.48,45.5,0.057,0.66,0.7,0.081,0.13,1270,22.7,"Macadamia"
"CE066PA3125",1.370775,6.03,0.1,82.8,4.35,54.2,0.11,0.72,0.74,0.096,0.13,727,23.4,"Macadamia"
"CE066PA3126",1.546125,5.63,0.1,76.3,3.91,50.3,0.066,0.6,0.7,0.084,0.11,917,26.7,"Macadamia"
"CM034PA0082",2.89195804195804,20.8,0.18,131,68.3,8.64,0.15,1.01,1.32,0.56,0.23,863,21.8,"Avocado"
"CM034PA0083",1.63846153846154,15,0.31,101,60.3,15.2,0.1,1.03,0.7,0.35,0.1,477,20.6,"Avocado"
"CM034PA0084",2.59405594405594,17.1,0.34,120,47.3,17,0.14,1.03,1.32,0.66,0.21,292,21.6,"Avocado"
"CM034PA0085",1.51258741258741,13.2,0.46,92.4,68.2,22.5,0.1,1.07,0.65,0.39,0.1,178,19.8,"Avocado"
"FA324-300PA0002",1.90122377622378,18.1,0.24,155,6.49,11.3,0.11,0.82,0.8,0.31,0.15,358,10.8,"Avocado"
"FA324-300PA0003",2.23793706293706,34.7,0.36,61.6,15.1,25.3,0.22,1.39,0.52,0.21,0.16,305,17.5,"Avocado"
"FA324-300PA0004",1.88129370629371,18.2,0.1,206,6.03,9.24,0.12,0.77,0.88,0.35,0.13,378,12.3,"Avocado"
"FA324-300PA0005",2.39370629370629,35.9,0.91,67.1,13.1,7.11,0.27,1.29,0.53,0.2,0.17,256,16.6,"Avocado"
"FA324-300PA0006",1.90909090909091,20.6,0.45,228,8.7,8.47,0.14,0.92,0.81,0.35,0.13,454,17.9,"Avocado"
"FA324-300PA0007",2.53216783216783,36.5,0.68,65.7,13,18.1,0.28,1.36,0.48,0.19,0.19,306,16.3,"Avocado"
"FA324-300PA0008",1.6243006993007,24.1,0.21,233,7.61,35.5,0.13,0.74,0.74,0.33,0.14,524,17.6,"Avocado"
"FA324-300PA0009",2.35856643356643,36.4,0.35,75.9,16.5,22.1,0.29,1.68,0.53,0.23,0.2,312,18.6,"Avocado"
"FA324-300PA0010",1.83461538461538,23.8,0.32,212,8.4,13.4,0.14,0.71,0.65,0.35,0.15,243,15.2,"Avocado"
"CK002PA1959",1.040025,20.5,0.34,32.2,11,45.6,0.16,1.73,0.083,0.13,0.08,19.6,42,"Avocado"
"CK002PA1960",1.30935,21.5,0.38,38.8,9.59,41.8,0.16,1.87,0.12,0.14,0.077,32,77.6,"Avocado"
"CK002PA1961",1.180725,28.4,0.71,35.1,9.66,27.8,0.15,2.01,0.08,0.12,0.076,26.7,47.2,"Avocado"
"CK002PA2154",1.643775,9.86,0.1,126,3.68,11.3,0.058,0.75,1.13,0.074,0.11,1440,60.7,"Macadamia"
"CF177PA0304",2.55747699737549,62.2,0.87,105,16.4,9.48,0.23,1.38,0.46,0.24,0.24,155,91.3,"Avocado"
"CF177PA0305",1.77661383152008,60.2,0.75,74.4,11.8,8.86,0.15,1.14,0.42,0.24,0.18,208,51.9,"Avocado"
"FA324-607PA0001",0.974450647830963,33.3,0.1,183,3.42,53.7,0.088,1.38,1.1,0.36,0.13,858,21.6,"Avocado"
"CF177PA0664",1.08314251899719,11.4,0.1,44.3,3.62,28.7,0.091,0.7,0.44,0.074,0.16,757,30.4,"Macadamia"
"CA170PA0721",1.27531313896179,11.7,0.1,196,8.62,37.3,0.092,0.86,0.75,0.11,0.18,581,38.5,"Macadamia"
"CF177PA0665",1.32111275196075,7.6,0.1,48,4.53,0.17,0.1,0.7,0.49,0.076,0.19,1110,29.3,"Macadamia"
"CF177PA0666",1.0979917049408,10.6,0.1,59.1,3.78,28.3,0.11,0.84,0.47,0.12,0.18,598,31.8,"Macadamia"
"CA170PA0722",1.11429440975189,6.74,0.13,200,5.96,45.1,0.064,0.74,0.8,0.082,0.16,854,38.5,"Macadamia"
"CF177PA0667",1.11177182197571,9.46,0.15,64.2,4.91,8.61,0.1,0.73,0.54,0.1,0.19,924,32.5,"Macadamia"
"CA170PA0688",1.20760357379913,12.1,0.28,111,3.08,49,0.058,0.8,1.04,0.11,0.18,1790,46,"Macadamia"
"CF177PA0668",1.37444007396698,10.7,0.1,50.7,4.78,2.13,0.11,0.78,0.46,0.089,0.16,1080,25.7,"Macadamia"
"CF177PA0669",1.2640460729599,10.6,0.1,70,4.74,24.3,0.11,0.76,0.67,0.092,0.18,1980,27.6,"Macadamia"
"CF177PA0670",1.42899072170258,11.2,0.1,49.8,3.78,13,0.11,0.79,0.64,0.079,0.18,770,34,"Macadamia"
"CA170PA0723",1.20078074932098,8.71,2.09,134,5.4,34.6,0.071,0.67,0.34,0.098,0.12,469,18.7,"Macadamia"
"CF177PA0671",1.06404876708984,11.5,0.1,45.8,5.81,23.6,0.12,0.74,0.37,0.09,0.16,985,20.2,"Macadamia"
"CA170PA0689",1.39846277236938,6.9,0.31,101,2.68,11.7,0.053,0.67,1.08,0.094,0.18,2050,58.8,"Macadamia"
"CF177PA0672",1.21863198280334,9.13,0.1,53.1,4.16,0.05,0.088,0.77,0.52,0.084,0.22,1120,30.4,"Macadamia"
"CF177PA0673",0.890226542949677,8.56,0.1,43.8,3.83,7.13,0.083,0.73,0.44,0.1,0.16,842,28,"Macadamia"
"CF177PA0674",1.49166452884674,12.6,0.1,45,6.16,7.9,0.1,1.03,0.47,0.094,0.19,709,27.9,"Macadamia"
"CF177PA0660",1.54306733608246,8.05,0.1,49.8,5.03,7.75,0.13,0.78,0.51,0.082,0.2,942,23.9,"Macadamia"
"CF177PA0661",1.22889351844788,11.4,0.12,72.8,3.64,0.54,0.092,0.84,0.61,0.088,0.16,549,37.4,"Macadamia"
"CF177PA0682",1.6239207983017,10.1,0.1,45.3,4.28,0.77,0.12,0.73,0.42,0.083,0.15,443,26.6,"Macadamia"
"CF177PA0675",1.25738263130188,10.5,0.1,94.3,4.92,3.59,0.12,0.79,0.48,0.096,0.16,1290,36.4,"Macadamia"
"CF177PA0676",1.2232791185379,8.37,0.1,78.2,3.14,17.3,0.13,0.76,0.67,0.11,0.22,794,48.4,"Macadamia"
"CF177PA0677",1.08094453811646,8.81,0.11,59,3.3,26.4,0.11,0.72,0.67,0.1,0.18,384,38.3,"Macadamia"
"CF177PA0678",1.24609506130219,9.44,0.1,56.3,4.04,8.27,0.14,0.81,0.64,0.12,0.19,516,36.2,"Macadamia"
"CF177PA0679",1.16756522655487,6.84,0.1,56.3,3.2,5.04,0.097,0.76,0.5,0.086,0.17,991,27.1,"Macadamia"
"CA170PA0724",1.0901186466217,16.4,0.11,213,9.25,55.7,0.067,0.64,0.36,0.099,0.14,601,19.3,"Macadamia"
"CF177PA0680",1.62157106399536,6.56,0.19,52.8,3.32,0.05,0.09,0.68,0.55,0.095,0.17,522,35.6,"Macadamia"
"CF177PA0681",1.1826239824295,9.37,0.1,37.4,6.55,4.23,0.14,0.88,0.39,0.09,0.2,421,22.7,"Macadamia"
"CF177PA0662",1.12278831005096,11.7,0.1,57.6,5.92,8.22,0.14,0.77,0.43,0.083,0.15,1010,22.5,"Macadamia"
"CF177PA0663",2.01123070716858,10.8,0.1,47.3,5.55,13.9,0.12,0.67,0.48,0.09,0.17,1360,27.8,"Macadamia"
"CK025PA0534",1.16662800312042,9.81,0.33,141,4.68,18.5,0.047,0.47,0.78,0.068,0.14,3170,29.2,"Macadamia"
"CK025PA0535",1.17845189571381,10.8,0.1,157,4.35,11.3,0.057,0.6,0.65,0.069,0.15,2100,30.2,"Macadamia"
"CK002PA3004",1.06237781047821,118,0.74,293,176,40.6,0.055,0.79,2.59,0.61,0.2,1110,96.7,"Avocado"
"CK025PA0551",1.34709882736206,7.37,0.18,76.9,4.85,0.05,0.063,0.47,0.7,0.082,0.15,3900,22,"Macadamia"
"CK025PA0539",1.16894090175629,7.41,0.27,66,3.12,1.3,0.057,0.58,0.63,0.071,0.13,1830,20.9,"Macadamia"
"CK025PA0548",1.16499197483063,8.45,0.32,88.3,4.59,11.1,0.067,0.61,0.53,0.073,0.16,1670,16.8,"Macadamia"
"CK025PA0549",1.21037399768829,8.6,0.1,115,5.21,11.9,0.056,0.55,0.94,0.08,0.14,3950,38.5,"Macadamia"
"CK025PA0550",1.28110218048096,7.19,0.16,93.9,4.5,7.11,0.065,0.52,0.54,0.061,0.13,2520,16.5,"Macadamia"
"CK025PA0556",1.14488482475281,7.79,0.1,83.8,3.95,3.81,0.05,0.55,0.65,0.07,0.17,2490,26.3,"Macadamia"
"CK025PA0557",1.21778893470764,8.29,0.1,126,3.73,5.04,0.042,0.52,0.92,0.081,0.17,5220,42.9,"Macadamia"
"CK025PA0558",1.34175455570221,8.4,0.1,96.5,4.75,0.05,0.06,0.52,0.59,0.071,0.17,3000,22,"Macadamia"
"CK025PA0559",1.35820400714874,8.79,0.1,92.3,4.37,21.6,0.056,0.53,0.68,0.069,0.15,2420,21.7,"Macadamia"
"CK002PA3002",0.86713981628418,45.8,1.45,161,163,4.08,0.045,0.66,1.73,0.55,0.14,518,25.1,"Avocado"
"CK002PA3003",1.00049912929535,32.2,1.21,198,121,16.9,0.047,0.63,2,0.6,0.17,458,18.6,"Avocado"
"CK025PA0536",1.17380475997925,8.93,0.1,127,5.96,24.2,0.045,0.45,1.07,0.057,0.13,4310,34.5,"Macadamia"
"CK002PA2904",2.67487645149231,24.6,0.1,136,91.6,13.7,0.13,1.47,0.95,0.44,0.21,264,44.5,"Avocado"
"CF177PA0500",2.21882724761963,15.1,0.63,45.9,4.27,2.12,0.26,1.07,0.23,0.11,0.21,171,16.2,"Macadamia"
"CK002PA2905",2.29921674728394,21.2,0.13,146,98.6,17.2,0.14,1.33,1.01,0.54,0.2,670,39.3,"Avocado"
"CV002PA0697",2.85681818181818,37.4,0.31,110,12.1,52,0.22,1.12,1.21,0.46,0.32,487,44.8,"Avocado"
"CK002PA2907",2.97279024124146,19.2,0.1,105,157,17.1,0.12,1.17,0.86,0.48,0.18,407,29.3,"Avocado"
"CK002PA2908",2.20167851448059,18,0.1,101,86.1,10.3,0.12,1.17,0.82,0.41,0.17,373,44.3,"Avocado"
"CK002PA2709",1.95692133903503,26,0.77,161,231,26.1,0.14,1.2,1.31,0.57,0.22,524,51.2,"Avocado"
"CK002PA2710",1.92437314987183,26.8,0.41,165,206,16,0.15,1.55,0.91,0.51,0.21,442,66.6,"Avocado"
"CK002PA2711",1.76101791858673,26.5,0.4,157,169,21.3,0.14,1.35,1.01,0.52,0.21,329,43.3,"Avocado"
"CK002PA2712",1.85862290859222,27.1,1.51,189,399,17.8,0.13,1.48,0.96,0.54,0.2,536,53.7,"Avocado"
"CK002PA2713",2.1403489112854,25.4,0.21,121,92.3,19.7,0.16,1.19,1.37,0.63,0.23,749,58.5,"Avocado"
"CK002PA2909",2.21404814720154,17.2,0.1,70.3,93.2,10.1,0.13,1.16,0.73,0.36,0.16,198,18.6,"Avocado"
"FA616-308PA0001",2.59437062937063,45.1,0.12,116,13.6,26.8,0.22,1.53,0.46,0.24,0.18,271,24.9,"Avocado"
"FA616-308PA0002",2.45066433566434,47.5,0.17,190,13.8,48.6,0.23,1.55,0.45,0.23,0.19,397,15.6,"Avocado"
"CK025PA0466",1.7958041958042,19.7,0.1,133,6.14,12.4,0.051,0.56,0.78,0.1,0.18,3260,40.1,"Macadamia"
"CK025PA0448",1.95891608391608,13.6,0.1,706,9.64,49.1,0.067,0.7,0.95,0.076,0.18,3880,48.1,"Macadamia"
"CA028PA0307",2.70275115966797,19,0.13,84.3,20.3,24.7,0.18,1.31,1.2,0.47,0.23,123,30.9,"Avocado"
"CA028PA0308",3.52257680892944,20.6,0.42,86.2,17.6,26.6,0.19,1.41,1.17,0.44,0.23,189,36,"Avocado"
"CA028PA0309",3.04412460327148,22.1,0.22,75.3,13.5,20,0.19,1.23,0.86,0.35,0.22,158,26.1,"Avocado"
"CA028PA0310",3.34828734397888,18.8,0.12,59.3,51.6,17.6,0.17,1.14,0.77,0.35,0.21,149,21.1,"Avocado"
"CA028PA0311",4.30724382400513,16.3,0.13,123,16.2,21.2,0.17,1.15,1.29,0.59,0.24,313,41.9,"Avocado"
"CA028PA0312",2.90139245986938,17.6,0.1,86.6,34,23.2,0.18,1.31,1.14,0.53,0.27,151,33.5,"Avocado"
"CK002PA2932",1.74206614494324,21.7,0.75,126,133,12.7,0.13,1.14,0.77,0.49,0.19,349,36.7,"Avocado"
"CV002PA0699",2.87307692307692,26.6,0.22,123,10.4,6.37,0.21,1.12,1.12,0.41,0.25,118,38.4,"Avocado"
"CK002PA2933",1.92968642711639,19.2,0.8,112,150,11.4,0.13,1.01,0.83,0.53,0.18,582,28,"Avocado"
"CK002PA2934",2.11142015457153,16.4,0.1,165,92.3,15.8,0.11,1.02,0.89,0.49,0.18,754,19.4,"Avocado"
"CA028PA0287",2.45042538642883,21,0.1,202,84,16.9,0.17,1.02,1.22,0.57,0.22,498,25.6,"Avocado"
"CK002PA2264",1.31407342657343,20,0.31,28.9,13.6,19.5,0.13,1.8,0.061,0.12,0.11,19.4,46,"Avocado"
"CK002PA2265",1.52596153846154,74.8,0.46,64.9,13.4,20,0.19,1.99,0.064,0.13,0.12,15.8,63.4,"Avocado"
"CK002PA2266",2.72438811188811,59.9,0.26,62.8,12.9,17.4,0.2,1.67,0.059,0.14,0.13,26.7,40.6,"Avocado"
"CK002PA2381",1.81185314685315,8.16,0.4,122,5.51,19.6,0.066,0.61,0.88,0.097,0.19,3420,25,"Macadamia"
"FA616-274PA0001",2.13251748251748,56.3,0.49,40.9,107,348,0.12,1.42,0.25,0.1,0.25,311,135,"Macadamia"
"CK002PA2935",1.81054854393005,18.7,0.13,199,118,14.5,0.12,1.22,0.98,0.57,0.23,930,29.3,"Avocado"
"CK002PA2936",1.73367607593536,21.2,0.65,162,142,18.3,0.14,1.5,0.79,0.46,0.19,473,37.8,"Avocado"
"FA616-103PA0001",1.99267053604126,25.5,0.49,71.1,7.54,52.6,0.21,1.3,1.21,0.43,0.18,73.9,18.1,"Avocado"
"CF177PA0842",0.8635373711586,8.34,0.15,74.9,5.33,42.1,0.14,0.88,0.34,0.086,0.14,579,39,"Macadamia"
"CM034PA0099",2.39378547668457,34,0.1,99.9,183,8.84,0.15,0.91,2.14,0.81,0.5,1470,38.8,"Avocado"
"CM034PA0100",2.38672041893005,33.9,0.1,101,66.7,6.74,0.15,0.92,1.71,0.69,0.37,1100,33.9,"Avocado"
"CP047PA0003",1.10948920249939,8.44,0.2,74,10.7,20.8,0.065,0.63,0.8,0.071,0.13,2610,53.1,"Macadamia"
"CE162PA0001",2.30884790420532,26.6,0.88,83.1,20.1,12,0.16,1.25,1.2,0.43,0.22,273,29.9,"Avocado"
"CP047PA0004",1.29866540431976,8.85,0.31,77.3,7.25,13.7,0.077,0.61,0.91,0.055,0.14,2950,56.3,"Macadamia"
"CK002PA2920",2.52791523933411,22.2,0.1,165,162,27.2,0.17,1.32,0.87,0.49,0.22,571,31.9,"Avocado"
"CK002PA2955",2.23111987113953,18.9,0.64,163,172,5.08,0.13,1.03,1.18,0.61,0.19,830,37.1,"Avocado"
"CK002PA2921",3.07199215888977,23.8,0.57,255,204,25.8,0.15,1.35,0.99,0.59,0.21,926,37.7,"Avocado"
"CE162PA0002",1.06449222564697,29.7,0.59,233,64.2,19.9,0.046,0.29,2.95,0.59,0.15,977,16.7,"Avocado"
"CK002PA2922",3.09139609336853,25.4,0.6,142,177,15.2,0.15,1.47,0.96,0.57,0.23,625,44.9,"Avocado"
"FA324-563PA0001",1.06207370758057,19.4,0.1,161,4.31,38.7,0.086,1.25,0.81,0.35,0.1,480,17.6,"Avocado"
"CK002PA2956",2.15500378608704,20.3,0.48,139,178,4.8,0.12,1.03,0.98,0.53,0.2,785,37.5,"Avocado"
"CK002PA2957",1.81635332107544,19.6,0.72,172,227,1.1,0.13,1.11,0.91,0.51,0.17,558,31.2,"Avocado"
"CP047PA0005",1.05002236366272,9.16,0.1,105,5.66,70,0.07,0.7,1.09,0.075,0.12,3870,44.4,"Macadamia"
"CP047PA0006",1.26349604129791,8.41,0.1,77.6,6.08,19.3,0.071,0.66,1.04,0.052,0.13,3520,126,"Macadamia"
"CW129PA0001",2.29982517482518,21,0.5,238,13.7,27,0.41,2.92,0.97,0.38,0.23,225,31.2,"Avocado"
"CK002PA2923",2.82796454429626,20.3,0.74,105,205,11.2,0.13,1.28,0.94,0.52,0.19,395,47.2,"Avocado"
"FA324-300PA0011",1.70979020979021,22.8,0.1,58.5,7.12,28.7,0.14,1.21,0.67,0.23,0.14,509,27.2,"Avocado"
"CK002PA2924",2.47779321670532,17.8,0.66,137,205,15.3,0.13,1.3,0.82,0.53,0.17,447,28.9,"Avocado"
"CK002PA2958",2.11586976051331,19.9,0.1,89.1,184,18.8,0.12,1.05,0.83,0.58,0.18,410,33.9,"Avocado"
"CK002PA2911",3.43435573577881,21.2,0.18,88.9,135,17.6,0.13,1.19,0.85,0.42,0.2,292,55.7,"Avocado"
"CK002PA2912",3.04159641265869,22.4,0.81,144,145,15,0.13,1.01,0.86,0.49,0.21,501,34.7,"Avocado"
"CK002PA2959",2.45974731445313,22,0.18,163,318,18.1,0.15,1.17,1.14,0.62,0.22,512,40.8,"Avocado"
"CK002PA2960",2.10087943077087,19.5,0.84,96.7,177,11.4,0.12,1.03,1.06,0.63,0.18,550,28.4,"Avocado"
"CA028PA0340",1.82703304290771,21.6,0.29,174,65.4,27.9,0.16,1.18,1.8,0.62,0.21,386,24.5,"Avocado"
"CK002PA2925",2.514084815979,18.5,0.88,148,238,15.5,0.12,0.91,0.82,0.54,0.17,518,25.4,"Avocado"
"FA324-300PA0014",1.55244755244755,27.8,0.26,67.5,6.78,28.8,0.14,1.25,0.77,0.26,0.13,392,20.5,"Avocado"
"FA324-300PA0015",2.10891608391608,29,0.16,69.9,8.48,33.1,0.17,1.17,0.68,0.23,0.15,724,21.1,"Avocado"
"FA324-300PA0016",1.40454545454545,27.1,0.1,71.4,6.81,63.1,0.14,1.19,0.63,0.22,0.12,455,25.4,"Avocado"
"CK002PA2943",2.18516540527344,19.7,0.39,124,170,17.7,0.13,1.26,0.68,0.49,0.17,622,30.9,"Avocado"
"FA324-300PA0017",1.56870629370629,28.3,0.33,59.9,9.3,36.9,0.19,1.41,0.53,0.22,0.15,391,18.1,"Avocado"
"CK002PA2926",0.106556370854378,21.1,0.41,133,124,12.1,0.17,1.28,1,0.48,0.22,284,54.3,"Avocado"
"CA028PA0341",2.02495408058167,24.7,0.58,215,56.2,22.7,0.17,1.31,1.11,0.62,0.21,879,31.2,"Avocado"
"CA028PA0342",1.63343477249146,18.3,0.45,158,83.8,15.2,0.15,0.84,1.8,0.65,0.24,519,28.9,"Avocado"
"CK002PA2242",1.38671328671329,57.7,0.55,247,14.1,8.52,0.18,1.88,0.13,0.15,0.086,30.9,51.4,"Avocado"
"CK002PA2243",1.3284965034965,80.1,0.45,284,12.8,6.34,0.12,1.37,0.12,0.13,0.059,35.6,56.7,"Avocado"
"CK002PA2244",1.51363636363636,63.4,0.73,67.8,9.15,12.1,0.15,1.58,0.093,0.14,0.08,40.1,39.3,"Avocado"
"CK154PA0007",2.22992634773254,16.6,0.53,102,6.79,39.4,0.12,1.33,0.79,0.3,0.16,275,80.4,"Avocado"
"CK154PA0008",3.00353002548218,30.1,0.64,89.2,7.48,26.9,0.22,2.06,0.57,0.4,0.25,273,229,"Avocado"
"CK154PA0009",2.94723701477051,36.1,0.82,140,7.32,44,0.17,1.55,0.85,0.44,0.24,274,87.7,"Avocado"
"CK154PA0010",2.72537779808044,24.9,0.26,144,5.4,51,0.14,1.63,0.77,0.45,0.22,400,259,"Avocado"
"CK002PA2927",0.05820532143116,18.9,0.3,124,142,12.1,0.12,0.91,0.85,0.54,0.16,503,23.9,"Avocado"
"CK002PA2944",2.54506850242615,18.9,0.33,165,221,25.9,0.12,1.02,0.85,0.54,0.17,770,44.1,"Avocado"
"CK002PA2961",1.9549343585968,21.1,0.79,164,208,14.2,0.13,0.97,1.05,0.65,0.17,1010,33,"Avocado"
"CE066PA3490",1.58339160839161,7.17,0.3,87.3,3.7,72.5,0.069,0.65,0.61,0.075,0.1,832,20.7,"Macadamia"
"CE066PA3528",1.54090909090909,8.6,0.15,235,4.67,23.5,0.063,0.59,0.85,0.078,0.094,882,22.7,"Macadamia"
"CM034PA0092",2.44300699300699,23.3,0.43,87.8,11.5,0.05,0.15,0.94,1.21,0.57,0.23,669,23.4,"Avocado"
"CM034PA0093",1.87132867132867,25.6,0.15,73.2,11,4.9,0.13,1.04,1.17,0.57,0.26,740,25,"Avocado"
"CM034PA0094",2.00716783216783,16.3,0.22,105,10.1,6.41,0.13,0.85,1.45,0.58,0.18,572,17.2,"Avocado"
"CM034PA0095",1.81730769230769,20.3,0.1,89.1,7.72,0.45,0.14,0.78,1.46,0.63,0.17,829,19.2,"Avocado"
"CF177PA0613",0.879441142082214,9.32,0.16,32.2,10.2,20.1,0.12,0.67,0.2,0.089,0.11,346,19.2,"Macadamia"
"CK002PA2910",2.60499882698059,18,0.1,107,161,6.49,0.12,1.05,0.83,0.44,0.2,345,21.7,"Avocado"
"CK002PA2928",0.0566014647483826,17.6,0.63,141,172,11.5,0.13,1.07,0.82,0.57,0.17,742,29,"Avocado"
"CK002PA2945",1.98140347003937,27.3,0.14,147,517,13.8,0.15,1.06,1.37,0.68,0.22,698,49.1,"Avocado"
"CA028PA0228",3.01342657342657,22.4,0.1,100,169,3.23,0.19,1.07,1.1,0.45,0.23,316,44.5,"Avocado"
"CF177PA0619",1.03178668022156,7.35,0.1,20.6,3.81,7.51,0.12,0.7,0.18,0.076,0.11,249,10.8,"Macadamia"
"CK002PA2535",2.26993006993007,19.4,0.81,90.2,199,14.7,0.11,0.69,1.07,0.38,0.19,263,47.2,"Avocado"
"CK002PA2536",2.73146853146853,27.4,0.1,127,212,8.43,0.14,1.05,0.77,0.38,0.22,322,38.2,"Avocado"
"CK002PA2537",2.27517482517483,22.3,0.1,129,235,3.67,0.12,0.74,1.35,0.52,0.22,343,45.3,"Avocado"
"CK002PA2538",2.41835664335664,24.6,0.1,127,230,6.82,0.14,1.11,0.98,0.42,0.21,318,43.1,"Avocado"
"CK002PA2539",2.8243006993007,19.7,0.17,104,256,0.05,0.1,0.6,0.82,0.43,0.18,272,36.3,"Avocado"
"CK002PA2540",2.82744755244755,31.9,0.32,118,251,8.07,0.16,1.37,0.82,0.4,0.24,337,59.5,"Avocado"
"CK002PA2542",2.39003496503497,28.6,0.1,101,209,0.05,0.15,1.15,0.8,0.4,0.22,288,55.8,"Avocado"
"CK002PA2929",1.70674467086792,17.7,0.34,81.2,157,15.3,0.13,1.09,0.77,0.43,0.16,300,24.1,"Avocado"
"CK002PA2946",2.28017854690552,26.4,0.2,99.6,204,23.9,0.13,1.28,1.11,0.54,0.19,395,42.2,"Avocado"
"CK025PA0484",1.80576923076923,11,0.3,198,39.7,44.2,0.051,0.5,1.16,0.074,0.17,4130,53.2,"Macadamia"
"CF177PA0614",1.83146715164185,16.6,0.1,37,16.5,13,0.26,0.97,0.25,0.13,0.17,560,15.2,"Macadamia"
"CK002PA2897",2.33294343948364,25.1,0.25,154,147,31.6,0.14,1.25,0.96,0.5,0.23,399,39.6,"Avocado"
"CK002PA2963",2.54763960838318,20.8,0.1,109,20.3,11.7,0.16,0.94,1.3,0.58,0.24,715,73,"Avocado"
"CK002PA2947",2.04111909866333,17.1,0.1,74,165,11,0.11,0.81,0.75,0.52,0.16,215,21.1,"Avocado"
"CK002PA2949",2.61873483657837,28.3,0.16,149,224,8.72,0.17,1.07,1.13,0.58,0.22,604,49.4,"Avocado"
"CK002PA2930",2.14322590827942,21,0.38,91.5,251,11.4,0.13,1.17,0.76,0.5,0.18,243,38.3,"Avocado"
"CK002PA2931",2.03901100158691,28.1,0.23,198,152,12.9,0.13,1.15,0.97,0.55,0.2,645,37.7,"Avocado"
"CK002PA2948",2.38604068756104,23.2,0.25,103,178,22.1,0.14,1.37,0.64,0.44,0.18,372,41.2,"Avocado"
"CK002PA2913",2.78068161010742,22.6,0.26,203,161,18.2,0.13,1.11,1,0.56,0.19,950,34.1,"Avocado"
"CK002PA2914",0.22196438908577,22.6,0.8,147,243,19.6,0.15,1.45,0.9,0.47,0.21,474,33.7,"Avocado"
"CK002PA2951",2.03544998168945,25.5,0.46,108,113,15.8,0.14,1.16,1.07,0.55,0.2,466,34,"Avocado"
"CK002PA2952",2.08942914009094,20.1,0.29,113,194,16.8,0.15,1.47,0.76,0.45,0.17,292,31.8,"Avocado"
"CK002PA2547",1.50996503496504,41.8,0.1,46.7,23.9,19.8,0.13,1.34,0.05,0.081,0.1,40.4,26.9,"Avocado"
"CF177PA0615",1.53625380992889,14.1,0.16,33.1,9.66,7.92,0.23,0.9,0.23,0.11,0.16,494,12.9,"Macadamia"
"CV002PA0709",2.03567671775818,21.8,0.37,86.6,10,50.4,0.15,1.44,1.15,0.55,0.28,192,36.9,"Avocado"
"CK002PA2915",2.41766381263733,25.8,0.69,143,152,10.8,0.14,1.22,0.99,0.51,0.23,679,43,"Avocado"
"CF177PA0306",2.28670024871826,24.9,0.56,87.2,5.85,21.4,0.21,1.54,0.97,0.42,0.24,173,39.7,"Avocado"
"CK002PA2950",2.58958768844604,26,0.48,171,305,18.9,0.15,0.86,1.33,0.74,0.21,788,40.7,"Avocado"
"CK002PA2916",2.63707995414734,22.7,0.48,170,232,28.7,0.16,1.46,0.78,0.47,0.21,488,40.2,"Avocado"
"CK002PA2917",2.56096196174622,18.7,0.48,209,153,15.5,0.15,1.05,0.97,0.62,0.18,944,30.9,"Avocado"
"CS018PA0010",3.03461538461538,27.5,0.1,88.9,11.1,15.1,0.16,1.2,1.15,0.45,0.23,832,19.2,"Avocado"
"CS018PA0011",2.72307692307692,30,0.29,78.4,8.41,30,0.15,1.32,1.13,0.41,0.23,509,28.8,"Avocado"
"CS018PA0013",2.71573426573427,27.4,0.1,76.6,8.69,10.3,0.16,1.27,1.04,0.43,0.24,589,17.7,"Avocado"
"CS018PA0007",2.72045454545455,21.7,1.69,71.8,4,14.2,0.17,1.08,1.73,0.39,0.26,105,32.2,"Avocado"
"CS018PA0008",3.34143356643357,28.2,1.36,74.7,4.12,19.8,0.19,1.15,1.5,0.45,0.29,155,43.8,"Avocado"
"CS018PA0009",3.49825174825175,27.1,0.55,76.6,4.24,18.3,0.2,1.12,1.46,0.39,0.28,164,28.4,"Avocado"
"CF177PA0307",2.15762877464294,21.5,0.33,84.2,3.4,18.3,0.21,1.38,0.94,0.48,0.23,230,37.8,"Avocado"
"CF177PA0308",2.12772369384766,21.1,0.18,63.7,3.18,13.7,0.17,1.15,0.89,0.37,0.19,244,34.9,"Avocado"
"CF177PA0309",2.30864763259888,36.3,0.35,79,4.88,14,0.26,1.48,0.72,0.37,0.28,498,34,"Avocado"
"CF177PA0310",2.35911679267883,36,0.41,78.1,3.7,18.1,0.27,1.62,0.68,0.33,0.29,408,33.9,"Avocado"
"CF177PA0311",2.42520141601563,31.2,0.33,70.8,3.29,16.1,0.25,1.51,0.56,0.28,0.26,276,32.3,"Avocado"
"CF177PA0312",2.50992226600647,37.1,0.22,93.3,5.19,10.1,0.29,1.69,0.51,0.33,0.29,255,32.4,"Avocado"
"CK002PA2436",1.63562937062937,7.45,0.63,86.4,5.22,15.2,0.093,0.67,0.48,0.074,0.1,1790,64.8,"Macadamia"
"CK002PA2441",1.80660839160839,8.1,0.14,110,4.57,14.3,0.065,0.64,0.65,0.07,0.14,2090,29.3,"Macadamia"
"CK002PA2459",1.73737762237762,10.5,0.31,121,4.49,18.8,0.081,0.71,0.56,0.078,0.12,744,75.9,"Macadamia"
"CK002PA2462",1.90678321678322,8.08,0.34,92,5.23,12.3,0.094,0.8,0.62,0.071,0.14,2420,67.1,"Macadamia"
"CF177PA0313",2.40471243858337,30.3,0.1,71.2,5.37,14.5,0.27,1.79,0.58,0.33,0.26,377,28.7,"Avocado"
"CF177PA0314",2.13240122795105,28.8,0.2,75.4,5.88,11.3,0.22,1.63,0.6,0.33,0.22,469,32.5,"Avocado"
"CF177PA0315",1.89021694660187,20.1,0.25,75.7,2.44,20.7,0.21,1.5,0.64,0.38,0.22,352,61.3,"Avocado"
"CF177PA0316",1.89504337310791,22.8,0.11,88.3,1.39,19.6,0.24,1.53,0.49,0.32,0.21,425,67.6,"Avocado"
"CF177PA0617",1.09204697608948,8.96,0.1,22.5,5.07,5.48,0.13,0.71,0.18,0.084,0.11,282,12,"Macadamia"
"CF177PA0317",1.87691080570221,22,0.31,79.3,2.55,14.4,0.18,1.29,0.74,0.37,0.24,435,52.9,"Avocado"
"CF177PA0318",2.01593136787415,20.9,0.31,84.5,2.17,16.2,0.2,1.44,0.63,0.42,0.24,606,71.8,"Avocado"
"CF177PA0618",1.4597977399826,14.6,0.1,34.7,7.98,15.5,0.21,0.82,0.24,0.1,0.14,500,14.3,"Macadamia"
"CF177PA0319",1.95655012130737,23.3,0.18,151,4.47,18.3,0.22,1.43,0.54,0.36,0.22,546,62.8,"Avocado"
"CK002PA2918",2.68285727500916,20.6,0.47,190,190,13.6,0.13,0.91,1.08,0.69,0.18,1060,34.6,"Avocado"
"CK002PA2953",2.16801834106445,18.5,0.72,211,176,4.73,0.13,0.79,1.06,0.58,0.18,1050,26.2,"Avocado"
"CK002PA2954",2.41762828826904,20.9,0.69,160,182,12.2,0.14,0.89,1.13,0.64,0.18,991,34.1,"Avocado"
"CK002PA2919",2.72494792938232,28.5,0.28,236,152,18.5,0.14,1.2,0.82,0.57,0.18,811,23.2,"Avocado"
"CP047PA0002",1.35761201381683,9.16,0.1,94.4,20.3,30,0.057,0.62,0.95,0.054,0.14,4690,42.9,"Macadamia"
"CM034PA0097",2.4111123085022,22.6,0.1,99.6,14.4,10.5,0.14,0.8,1.77,0.64,0.3,1450,31.4,"Avocado"
"CM034PA0098",2.53893709182739,26.5,0.18,92.9,12.3,14.2,0.18,1.12,1.36,0.56,0.32,893,37.5,"Avocado"
"CF177PA0620",1.44731271266937,9.47,0.1,39.1,5.48,2.31,0.18,0.82,0.3,0.1,0.14,481,18.7,"Macadamia"
"CF177PA0798",1.56496918201447,12.7,0.1,76.9,5.22,50.7,0.14,1.17,0.63,0.14,0.22,1470,30.8,"Macadamia"
"CA170PA0681",0.952948987483978,6.63,0.1,30.2,2.43,7.07,0.064,0.69,0.65,0.077,0.17,1870,24.5,"Macadamia"
"CA170PA0682",1.30003893375397,5.95,0.1,61.5,4.84,4.67,0.07,0.75,0.82,0.079,0.22,3210,30.6,"Macadamia"
"CA170PA0684",1.08335065841675,5.87,0.1,88.7,3.24,10.6,0.058,0.82,0.97,0.07,0.18,1500,49.4,"Macadamia"
"CA170PA0685",0.969801306724548,8.4,0.17,82.4,4.17,30.3,0.051,0.73,1.1,0.08,0.19,1640,48.2,"Macadamia"
"CA170PA0686",0.944969534873962,5.68,0.16,71.1,2.38,54,0.042,0.72,1.26,0.093,0.17,2170,49.9,"Macadamia"
"CA170PA0687",1.03009676933289,5.27,0.1,98.3,3.35,39.1,0.045,0.79,1.03,0.1,0.19,2020,45,"Macadamia"
"CF177PA0799",1.34421384334564,33.7,0.1,88.2,3.55,83.6,0.14,0.8,0.55,0.09,0.25,1960,42.1,"Macadamia"
"CV002PA0736",1.77656555175781,43.8,1.23,330,1260,34,0.1,1.03,1.57,0.51,0.46,569,37.3,"Avocado"
"CF177PA0800",1.95996868610382,14.3,0.1,98,4.4,58.2,0.18,1.08,0.72,0.16,0.3,1070,49.5,"Macadamia"
"AGD207-408PA0016",2.40723562240601,36.4,1.46,118,18.2,1.65,0.34,1.69,0.51,0.3,0.21,358,31.2,"Avocado"
"AGD207-408PA0017",1.87592899799347,35.7,2.14,147,15.4,2.88,0.33,1.85,0.47,0.3,0.19,283,24.4,"Avocado"
"CF177PA0794",1.58328413963318,9.27,0.1,86.5,2.99,81.6,0.094,0.82,0.6,0.094,0.22,918,32.2,"Macadamia"
"CF177PA0796",1.48295176029205,24.8,0.1,144,3.8,122,0.22,0.93,1.02,0.13,0.24,3710,56.5,"Macadamia"
"CF177PA0797",1.81991374492645,27.4,0.1,81,3.49,69.4,0.16,1.05,0.52,0.12,0.23,1560,30.9,"Macadamia"
"CF177PA0857",1.31234395503998,28.8,0.38,109,6.12,48.6,0.11,0.97,0.48,0.32,0.14,343,27.6,"Avocado"
"CF177PA0874",2.82930254936218,22.6,0.84,84.7,1.91,26.8,0.18,1.34,1.31,0.38,0.24,196,96.2,"Avocado"
"CF177PA0875",3.18957829475403,22.3,0.53,98.7,2.73,16.3,0.17,1.22,1.31,0.45,0.24,312,123,"Avocado"
"CF177PA0876",2.38010668754578,26.5,0.69,82,7.63,7.7,0.16,1.21,0.89,0.43,0.22,266,97.3,"Avocado"
"CF177PA0858",2.91213321685791,80.8,0.93,158,7.92,36.3,0.22,1.22,0.8,0.39,0.24,541,33,"Pecan Nut"
"CF177PA0856",1.7689688205719,27.3,0.7,137,8.09,34.9,0.14,1.22,1.4,0.36,0.18,139,56.2,"Avocado"
"CF177PA0859",2.87239527702332,40.6,1.23,122,7.68,34.5,0.26,1.27,1.39,0.37,0.26,620,36.8,"Pecan Nut"
"CK002PA2743",2.15939879417419,28.6,0.16,140,144,17.3,0.12,1.03,1.04,0.49,0.21,955,40.8,"Avocado"
"CA028PA0335",1.75283777713776,33.4,0.77,99.8,60.9,20.3,0.16,1.12,2.16,0.61,0.32,162,38.3,"Avocado"
"CK002PA2744",2.15219187736511,31.5,0.18,114,176,10.2,0.11,1,1.05,0.49,0.21,1320,38,"Avocado"
"CA028PA0336",1.97915470600128,23.6,0.64,150,15.7,16.5,0.14,1.05,1.61,0.73,0.22,597,28.7,"Avocado"
"CS018PA0005",2.55157342657343,29.9,0.58,142,16.7,17,0.19,1.38,0.7,0.34,0.2,347,28.6,"Avocado"
"CK002PA2232",2.18653846153846,27.1,1.16,117,45.3,16.9,0.11,1.14,1.48,0.49,0.16,609,41.9,"Avocado"
"CK002PA2233",2.28671328671329,31,1.72,108,42.1,17.4,0.11,1.14,1.62,0.55,0.19,729,25.7,"Avocado"
"CK002PA2234",2.32762237762238,24.6,0.94,108,12.4,12.3,0.14,1.05,1.29,0.54,0.19,460,51.9,"Avocado"
"CK002PA2235",2.50804195804196,26.6,1.23,124,9.23,14.3,0.13,0.99,1.06,0.54,0.19,618,32.3,"Avocado"
"CK002PA2236",2.62342657342657,26.8,0.41,106,9.35,9.05,0.14,1.09,0.96,0.42,0.17,623,50.2,"Avocado"
"CK002PA2237",2.4986013986014,22.8,0.88,94.1,8.49,17.4,0.15,1.05,1.24,0.55,0.18,481,63.4,"Avocado"
"CK002PA2725",2.56197619438171,27.7,0.1,118,196,11.3,0.13,0.94,1.56,0.5,0.22,1990,43.9,"Avocado"
"CK002PA2726",2.34359693527222,35.7,0.25,135,259,6.24,0.14,1.15,1.42,0.48,0.23,1760,48.1,"Avocado"
"CA028PA0337",1.85145449638367,19.3,0.58,105,89.7,12.6,0.15,0.97,2.07,0.68,0.22,351,25.6,"Avocado"
"CS460PA0003",1.08801460266113,20.8,0.1,108,2.57,43.4,0.048,0.74,0.8,0.059,0.09,2140,24,"Macadamia"
"CK002PA2727",2.42624306678772,40,0.32,110,201,4.3,0.14,0.99,1.43,0.52,0.2,1740,38.9,"Avocado"
"CA028PA0338",1.91292691230774,33.4,0.55,145,59.3,19.9,0.16,1.26,1.27,0.63,0.24,717,32.6,"Avocado"
"CK002PA2728",2.43395709991455,33.1,0.58,114,262,3.92,0.14,1.02,1.2,0.54,0.22,1220,38.8,"Avocado"
"CS460PA0007",1.04017245769501,18.4,0.1,73.5,3,27.1,0.062,0.8,1.07,0.055,0.19,2260,42.2,"Macadamia"
"CS460PA0010",1.33325552940369,47.5,0.1,142,4.06,25,0.083,0.68,1,0.084,0.34,1970,23,"Macadamia"
"CK002PA2729",2.00346970558167,32.4,0.27,123,196,7.43,0.13,1.01,1.46,0.54,0.21,1650,39,"Avocado"
"CA028PA0339",1.72690165042877,27.3,0.38,161,51.7,19.8,0.17,1.14,1.59,0.67,0.21,735,30.9,"Avocado"
"CS460PA0014",1.18472278118134,44.2,0.1,83.9,2.25,15.5,0.054,0.74,0.88,0.088,0.2,1540,30.7,"Macadamia"
"CK002PA2730",2.01147079467773,28.9,0.24,127,322,2.16,0.12,1.09,1.26,0.47,0.18,1960,43.2,"Avocado"
"CK002PA2731",2.02983117103577,31.9,1.57,90.1,106,3.69,0.11,1.11,1.58,0.47,0.19,1980,44.3,"Avocado"
"CK002PA2732",2.02291226387024,26.6,0.55,75.2,111,3.2,0.12,1.04,1.52,0.48,0.18,1690,52.6,"Avocado"
"FA324-300PA0012",1.72132867132867,27.7,0.1,63.4,8.97,29.1,0.16,1.32,0.64,0.22,0.13,613,23.8,"Avocado"
"FA324-300PA0013",1.86083916083916,31.6,0.1,72.8,7.56,18.1,0.13,1.23,0.75,0.23,0.14,719,20.7,"Avocado"
"FA324-300PA0018",1.55664335664336,22.6,0.22,60.8,7.56,47,0.15,1.26,0.74,0.24,0.15,693,24.2,"Avocado"
"FA324-300PA0019",1.80576923076923,22.5,0.1,72,7.03,25,0.15,1.11,0.82,0.24,0.16,870,24.7,"Avocado"
"CK002PA2733",1.5516015291214,34.9,0.64,86.2,105,0.57,0.11,1.19,1.3,0.46,0.18,1600,50.6,"Avocado"
"FA324-350PA0001",3.0471,26.2,0.1,150,3.26,14.2,0.14,0.93,1.11,0.38,0.21,974,26.1,"Avocado"
"CR029PA0047",2.7770979020979,30.6,0.62,70.3,5.71,6.15,0.13,0.91,1.66,0.41,0.26,485,41.5,"Avocado"
"CR029PA0048",2.75034965034965,28.8,0.7,68.9,5.64,3.54,0.13,0.87,1.62,0.4,0.26,473,40.7,"Avocado"
"FA324-368PA0003",2.77814685314685,33.5,0.1,91.3,13.3,10.9,0.13,1.06,1.71,0.48,0.22,1030,34.3,"Avocado"
"FA324-368PA0004",2.44667832167832,21.3,0.1,82.4,6.83,0.63,0.14,0.97,1.23,0.39,0.2,1160,23.1,"Avocado"
"FA324-350PA0004",2.60244755244755,24.9,0.11,92.2,9.65,0.17,0.13,1,1.76,0.49,0.21,1270,39.4,"Avocado"
"FA324-350PA0005",2.51223776223776,21.8,0.11,74.2,6.86,0.05,0.15,1.1,1.49,0.42,0.23,1240,32.3,"Avocado"
"CL160PA0003",2.33548951048951,34.9,0.58,154,428,29.3,0.22,1.76,0.92,0.37,0.29,191,32.7,"Avocado"
"CL160PA0004",2.19020979020979,40.3,0.61,188,522,39.7,0.22,1.81,0.91,0.37,0.28,190,29.2,"Avocado"
"CL160PA0005",2.20594405594406,40.6,0.22,235,616,24.6,0.19,1.85,0.85,0.39,0.24,271,34.9,"Avocado"
"CA028PA0321",2.94075965881348,18.3,0.62,238,101,20.2,0.15,0.86,2.16,0.83,0.22,985,45.8,"Avocado"
"CK002PA2719",1.79450714588165,25.7,0.21,141,203,17.2,0.14,1.45,0.91,0.5,0.21,481,43.7,"Avocado"
"CK002PA2543",2.25996503496504,20.6,0.16,99.1,177,0.05,0.12,0.79,1.07,0.44,0.19,343,47.1,"Avocado"
"FA324-483PA0001",2.65526676177979,10.6,0.37,50.5,1.69,15,0.23,1.13,0.18,0.073,0.24,83.6,10.5,"Macadamia"
"CK002PA2720",2.44255352020264,32.5,0.22,120,46.7,13.4,0.16,1.11,1.54,0.59,0.26,1150,56.6,"Avocado"
"CK002PA2721",2.12705969810486,30.4,0.57,161,395,22.1,0.16,1.37,1.15,0.59,0.24,804,65.7,"Avocado"
"CK002PA2722",2.00503039360046,26.4,0.23,127,231,22.6,0.17,1.44,0.79,0.52,0.22,664,56.9,"Avocado"
"CK002PA2723",1.43882894515991,26.2,0.4,129,147,48.1,0.12,1.4,1.06,0.5,0.17,546,31.9,"Avocado"
"CF177PA0252",2.27811193466187,180,3.07,88.1,7.88,0.05,0.24,1.63,1.26,0.35,0.29,162,39.8,"Pecan Nut"
"CF177PA0251",2.5801146030426,117,0.54,98.3,9.77,0.05,0.21,1.14,1.26,0.5,0.23,959,36.3,"Pecan Nut"
"CS032PA0035",2.74248251748252,29.5,0.1,102,8.21,15.5,0.15,0.99,1.91,0.37,0.24,553,20.7,"Avocado"
"CF177PA0253",2.77075266838074,241,1.63,133,8.72,0.05,0.28,1.73,1.05,0.44,0.29,675,33,"Pecan Nut"
"CK002PA2724",1.59355401992798,28.7,0.33,101,104,32,0.14,1.17,1.11,0.5,0.2,329,33.4,"Avocado"
"CA028PA0322",2.62699317932129,20.3,0.36,209,50.1,14.9,0.15,1.08,1.88,0.68,0.23,661,29.6,"Avocado"
"CA028PA0323",2.50754117965698,20.2,0.17,161,65.2,12.8,0.14,1.36,1.21,0.57,0.2,366,17.9,"Avocado"
"CF177PA0262",2.85374712944031,312,1.62,77,14.6,0.05,0.28,1.58,1.2,0.5,0.27,311,43,"Pecan Nut"
"CA028PA0276",2.28273844718933,18.8,0.1,141,72.6,27.1,0.16,1,0.76,0.35,0.19,208,26.9,"Avocado"
"CF177PA0263",2.72109961509705,178,1.8,58.2,11.3,0.05,0.22,1.28,0.74,0.36,0.24,215,34.4,"Pecan Nut"
"CA028PA0277",2.10812592506409,19.6,0.1,142,90.3,20.5,0.16,0.98,0.96,0.47,0.2,291,26.8,"Avocado"
"CF177PA0264",2.87969589233398,324,1.6,95.2,13,3.97,0.26,1.47,1.36,0.4,0.23,582,45.3,"Pecan Nut"
"CA028PA0278",1.93864977359772,20.7,0.15,147,67.2,20,0.14,0.96,0.79,0.34,0.18,314,14.3,"Avocado"
"CS032PA0036",2.35174825174825,32.3,0.17,87.1,6.32,20.5,0.16,1,1.38,0.27,0.22,461,13.2,"Avocado"
"CF177PA0265",3.20863699913025,500,0.87,140,14.9,10.2,0.3,1.58,2.34,0.63,0.25,377,42.3,"Pecan Nut"
"CF177PA0267",3.15000438690186,282,0.79,170,11.4,0.05,0.31,1.52,0.67,0.31,0.31,364,34,"Pecan Nut"
"CA028PA0325",2.30093359947205,18.4,0.24,124,81.5,15.6,0.15,1.11,1.67,0.58,0.2,310,26.4,"Avocado"
"CA028PA0313",3.54719066619873,21,0.31,121,173,16.6,0.17,1.07,1.65,0.61,0.29,211,37.8,"Avocado"
"CA028PA0314",2.59912610054016,10.8,0.6,99.2,45.8,18.6,0.14,0.96,1.74,0.8,0.21,389,35.6,"Avocado"
"CA028PA0326",2.81881809234619,18.2,0.49,334,85.5,19.2,0.16,0.91,2.34,0.89,0.2,950,41.5,"Avocado"
"CK002PA2245",2.55629370629371,35.5,0.49,147,96.9,62.2,0.15,1.15,1.58,0.54,0.23,374,76.1,"Avocado"
"CK002PA2246",2.68636363636364,29.6,0.63,137,170,13.5,0.15,1.33,1.32,0.58,0.2,448,77.1,"Avocado"
"CK002PA2247",2.84265734265734,30.2,1.02,134,129,71,0.15,1.38,1.44,0.63,0.23,454,90.5,"Avocado"
"CK002PA2248",2.6958041958042,29.4,1,124,98.5,32,0.14,1.18,1.35,0.55,0.2,620,64.2,"Avocado"
"CK002PA2249",2.72937062937063,37.2,0.3,111,99.1,16.9,0.15,1.26,1.16,0.48,0.21,744,66.1,"Avocado"
"CK002PA2255",3.01940559440559,37.4,1.66,111,91.2,15.1,0.17,1.48,1.52,0.53,0.23,509,92.2,"Avocado"
"CK002PA2250",1.21835664335664,38.1,0.12,76.1,17.5,87.2,0.08,1.5,0.13,0.12,0.062,140,28.4,"Avocado"
"CK002PA2251",1.48426573426573,51.7,0.1,65.1,16.2,60.9,0.095,1.23,0.089,0.12,0.069,78.3,28.4,"Avocado"
"CK002PA2252",1.35996503496503,48.8,0.18,74,27.7,58,0.11,1.18,0.092,0.11,0.061,52.9,33.9,"Avocado"
"FA324-354PA0001",1.87867132867133,22.7,0.1,48.4,4.88,1.66,0.15,0.9,0.47,0.17,0.13,338,13.4,"Avocado"
"CK002PA2253",1.46066433566434,64.8,0.1,117,14.5,42.1,0.13,1.5,0.1,0.12,0.072,42.2,36.9,"Avocado"
"CK002PA2254",1.50996503496504,31.9,0.1,62.1,17.7,84.9,0.14,1.48,0.062,0.12,0.074,83.8,27.5,"Avocado"
"CM247PA0012",1.51520979020979,8.67,0.22,143,3.1,31.4,0.075,0.68,0.68,0.087,0.11,378,18.2,"Macadamia"
"CM247PA0027",1.53304195804196,5.5,0.1,84.6,4.73,15.3,0.089,0.61,0.46,0.092,0.12,497,8.52,"Macadamia"
"CM247PA0031",1.48951048951049,6.98,0.1,101,4.36,31.9,0.078,0.6,0.55,0.079,0.1,909,10.2,"Macadamia"
"CM247PA0036",1.68356643356643,8.47,0.21,201,4.56,38.4,0.077,0.6,0.48,0.11,0.12,649,5.82,"Macadamia"
"CM247PA0053",1.7465034965035,4.79,0.1,122,4.04,11.1,0.062,0.49,0.78,0.12,0.14,827,10,"Macadamia"
"CM247PA0045",1.68251748251748,6.17,0.1,94.2,4.28,35.7,0.068,0.65,0.55,0.097,0.093,840,6.92,"Macadamia"
"CS018PA0012",3.15786713286713,28.9,0.1,72.2,7.62,10.9,0.14,1.22,1.03,0.41,0.22,573,16.6,"Avocado"
"CS018PA0014",2.87465034965035,29.9,0.11,88.7,7.36,11.1,0.16,1.16,1.03,0.36,0.23,496,17.5,"Avocado"
"CS018PA0006",3.3041958041958,26,2.69,62.8,5.21,11,0.2,1.23,1.75,0.42,0.31,126,43.6,"Avocado"
"FA324-428PA0001",2.09842657342657,24.3,0.11,81.8,12.9,18.7,0.15,0.91,0.71,0.26,0.16,227,16.4,"Avocado"
"CS460PA0020",1.0565584897995,10.1,0.1,125,2.78,64.5,0.13,0.54,0.97,0.097,0.14,871,24.2,"Macadamia"
"CA028PA0327",2.18618845939636,20,0.24,131,46.8,16.5,0.14,0.95,1.69,0.73,0.22,656,30.5,"Avocado"
"CA028PA0315",1.99662554264069,12.4,0.55,80.5,34.8,13,0.15,0.81,1.96,0.83,0.22,356,26.3,"Avocado"
"CA028PA0316",2.79161310195923,20.1,0.49,118,215,13.3,0.19,1.16,1.73,0.64,0.32,337,38.6,"Avocado"
"CA028PA0328",2.02560782432556,24.5,0.26,185,78.6,18.1,0.15,1.06,1.64,0.69,0.2,814,26.8,"Avocado"
"CS460PA0024",1.19842231273651,21.4,0.1,114,1.77,35.3,0.32,0.73,0.98,0.12,0.14,710,28.6,"Macadamia"
"CS460PA0030",1.07165455818176,13.4,0.1,77.9,2.12,28.2,0.14,0.69,0.74,0.098,0.1,526,24.5,"Macadamia"
"CM171PA0001",2.22377622377622,43,0.31,108,32.1,23.4,0.19,1.18,0.83,0.28,0.21,305,17.9,"Avocado"
"CK002PA2734",1.85101366043091,21.3,0.1,70,182,8.83,0.11,1.01,1.09,0.47,0.17,1210,32.3,"Avocado"
"CM171PA0002",2.07377622377622,40.9,0.21,95.5,28.1,14.5,0.18,1.1,1.16,0.33,0.25,444,15.4,"Avocado"
"CM171PA0003",2.11520979020979,50.5,0.32,124,64.4,27.8,0.23,1.36,0.9,0.3,0.25,264,18.3,"Avocado"
"CM171PA0004",2.49545454545455,47.8,0.33,106,31.3,25.8,0.2,1.21,0.77,0.26,0.23,315,19.3,"Avocado"
"CM171PA0005",2.9722027972028,41.8,0.48,225,63.6,19.2,0.19,1.17,1.35,0.33,0.27,474,18.6,"Avocado"
"CM171PA0006",2.31713286713287,32.6,0.31,128,79.1,15.5,0.17,1.23,0.9,0.26,0.2,229,15.7,"Avocado"
"CK002PA2735",2.03998446464539,23.2,0.12,92.5,229,0.05,0.12,1.03,1.36,0.5,0.19,1430,37.5,"Avocado"
"CM171PA0009",0.877868056297302,74,4.94,468,330,78.3,0.11,1.76,0.74,0.48,0.16,195,168,"Avocado"
"CA028PA0329",2.17456102371216,26,0.59,145,61.7,22.7,0.15,1.32,1.48,0.58,0.19,616,32.2,"Avocado"
"CA028PA0317",3.09515857696533,21.4,0.38,79.8,48.4,20.6,0.22,1.38,1.19,0.49,0.28,120,29.6,"Avocado"
"CA028PA0330",2.54100203514099,24.4,0.53,208,67.9,16.3,0.15,0.99,1.67,0.72,0.21,634,25.6,"Avocado"
"CA028PA0318",3.20412850379944,17.1,0.52,122,82.9,15.2,0.17,1.06,1.81,0.6,0.28,134,30,"Avocado"
"CA028PA0331",2.18459820747375,21.6,0.24,201,86.5,31.7,0.16,1.06,2.14,0.81,0.24,638,41.5,"Avocado"
"CK002PA2079",1.771875,10.5,1.09,85.8,5.4,42.4,0.059,0.62,1.4,0.11,0.11,4570,86.5,"Macadamia"
"CK002PA2088",1.57395,9.21,0.32,118,3.59,25.6,0.059,0.55,1.51,0.08,0.14,6490,64.3,"Macadamia"
"CK002PA2095",1.59075,11.6,0.1,104,4.55,48.7,0.062,0.61,1.54,0.068,0.087,6580,102,"Macadamia"
"CK002PA2106",1.652175,11.8,0.1,107,3.85,16.9,0.13,0.79,1.03,0.1,0.1,1000,95,"Macadamia"
"CK002PA2116",1.62645,8.66,0.1,114,2.71,17.7,0.046,0.38,1.55,0.11,0.12,6740,55,"Macadamia"
"CK002PA2127",1.798125,11.2,0.1,72.3,3.18,18.8,0.054,0.48,0.92,0.07,0.11,3190,56.4,"Macadamia"
"CK002PA2135",1.724625,8,0.16,68.8,5.01,9.05,0.069,0.64,0.63,0.068,0.064,2430,95.3,"Macadamia"
"CK002PA2143",1.736175,7.65,0.1,97,13.9,17.1,0.059,0.58,1.08,0.064,0.05,3930,149,"Macadamia"
"CK002PA2165",1.902075,9.95,0.1,101,3.28,13.9,0.055,0.65,1.2,0.089,0.12,3230,93.6,"Macadamia"
"CK002PA2174",1.789725,8.55,0.1,136,3.34,37.3,0.088,1.01,0.9,0.074,0.05,2340,136,"Macadamia"
"CK002PA2189",1.919925,7.72,0.8,101,6.14,16.9,0.069,0.62,0.96,0.077,0.16,2970,34.8,"Macadamia"
"CK002PA2202",1.887375,8.43,0.67,66.7,4.93,0.05,0.095,0.56,0.48,0.058,0.11,2110,25.9,"Macadamia"
"CK002PA2214",1.74405,7.55,0.61,47.6,4.43,24.8,0.093,0.66,0.44,0.066,0.12,574,12,"Macadamia"
"CA028PA0319",3.36373901367188,17.3,0.6,92.5,94.6,18.3,0.21,1.39,1.42,0.43,0.27,104,35.5,"Avocado"
"CA028PA0332",2.33309173583984,18.9,0.38,256,83.5,24.1,0.15,1.04,1.74,0.76,0.21,679,22.9,"Avocado"
"CA028PA0320",3.07441091537476,15.8,0.13,91.8,44.1,16,0.19,1.37,1.8,0.74,0.23,439,46.8,"Avocado"
"CA028PA0333",2.05088329315186,19.1,0.4,142,66.8,13.8,0.15,1.03,1.9,0.72,0.19,993,35.4,"Avocado"
"CA028PA0334",2.33548712730408,21.1,0.22,253,44,15,0.17,1.1,1.46,0.66,0.21,740,43,"Avocado"
"CK002PA2742",1.80264246463776,26.1,0.1,86.8,139,0.05,0.12,1.08,1.1,0.5,0.19,1420,42.4,"Avocado"
"CK002PA2262",2.50216783216783,27.6,1.33,132,129,40.9,0.14,1.17,1.29,0.6,0.25,744,60.1,"Avocado"
"CL187PA0001",2.10830616950989,30.5,0.39,432,7.95,214,0.22,1.87,1.19,0.51,0.27,340,35.2,"Avocado"
"CK002PA2218",2.413425,24,0.45,76.7,64.5,21.1,0.13,1.16,1.2,0.44,0.18,487,61.6,"Avocado"
"CK002PA2219",2.42865,26.7,0.44,133,59.7,9.58,0.15,1.27,1.34,0.52,0.2,757,71.1,"Avocado"
"CA170PA0623",1.54195804195804,9.42,0.1,201,3.6,47.9,0.097,0.85,0.59,0.098,0.2,878,43.9,"Macadamia"
"CA170PA0624",1.6520979020979,8.87,0.1,125,4.74,71.6,0.11,0.84,0.47,0.085,0.21,553,26.5,"Macadamia"
"CA170PA0625",1.49475524475524,10.6,0.1,186,4.47,60.1,0.081,0.71,0.25,0.074,0.15,343,12.5,"Macadamia"
"CA170PA0626",1.48269230769231,7.21,0.1,280,7.97,72,0.086,0.78,0.86,0.099,0.2,775,33.7,"Macadamia"
"CA170PA0627",1.84615384615385,7.66,0.1,524,3.76,31.9,0.071,0.84,0.47,0.075,0.2,913,28.1,"Macadamia"
"CA170PA0628",1.64160839160839,9.26,0.1,619,4.3,59.7,0.085,0.84,0.42,0.08,0.17,487,20,"Macadamia"
"CA170PA0629",1.46853146853147,10.3,0.1,104,8.58,46.5,0.11,0.81,0.66,0.098,0.18,830,30.7,"Macadamia"
"CA170PA0630",1.5,6.38,0.1,91,4.61,74.9,0.076,0.61,0.85,0.086,0.12,1210,22.7,"Macadamia"
"CA170PA0631",1.53671328671329,7.85,0.1,436,3.75,35.9,0.077,0.84,0.42,0.095,0.2,810,20.2,"Macadamia"
"CA170PA0632",1.67307692307692,10.1,0.1,306,5.33,45.7,0.1,0.7,0.64,0.11,0.22,864,28.6,"Macadamia"
"CA170PA0633",1.69405594405594,11.1,0.1,325,5.79,56.6,0.1,0.69,0.62,0.1,0.18,1100,27,"Macadamia"
"CA170PA0634",1.68881118881119,8.6,0.1,108,4.72,68.6,0.08,0.71,0.48,0.079,0.18,644,26.4,"Macadamia"
"CA170PA0635",1.64685314685315,12.8,0.1,165,7.16,48.2,0.099,0.73,0.23,0.069,0.15,365,12.3,"Macadamia"
"CA170PA0636",1.49475524475524,12.2,0.1,177,5.19,36.3,0.087,0.74,0.66,0.086,0.18,232,24.7,"Macadamia"
"CA170PA0637",1.52097902097902,13.7,0.1,150,6.17,43.5,0.11,0.74,0.42,0.096,0.19,430,20,"Macadamia"
"CA170PA0638",1.66783216783217,9.23,0.1,91.2,4.26,61,0.084,0.72,0.33,0.068,0.15,338,19.9,"Macadamia"
"CA170PA0639",2.01870629370629,9.1,0.1,135,4.54,55.2,0.091,0.76,0.44,0.093,0.17,711,19.1,"Macadamia"
"CA170PA0640",1.5,7.55,0.1,125,4.36,35.7,0.069,0.88,0.3,0.068,0.17,413,17.1,"Macadamia"
"CA170PA0641",1.48269230769231,8.04,0.1,138,5.76,69.3,0.096,0.74,0.48,0.073,0.15,659,22.7,"Macadamia"
"CA170PA0642",1.68881118881119,6.87,0.1,173,4.23,42.2,0.086,0.73,0.57,0.069,0.17,885,17,"Macadamia"
"CA170PA0643",1.57342657342657,8.57,0.1,165,4.05,45,0.12,0.63,0.33,0.064,0.1,1070,11.8,"Macadamia"
"CA170PA0644",1.52097902097902,14.3,0.1,168,4.56,120,0.092,0.6,0.47,0.07,0.13,619,22.5,"Macadamia"
"CA170PA0645",1.67307692307692,7.41,0.1,173,6.79,43.1,0.079,0.65,0.6,0.071,0.19,1150,15,"Macadamia"
"CA170PA0646",1.50524475524476,8.61,0.1,119,4.5,37.2,0.067,0.59,0.5,0.066,0.13,826,19.4,"Macadamia"
"CA170PA0647",1.67307692307692,7.24,0.1,84,4.14,59.7,0.097,0.89,0.5,0.08,0.18,799,25.7,"Macadamia"
"FA617-32PA0001",3.63174414634705,34.3,0.64,97.5,13.1,39.7,0.21,1.34,0.81,0.45,0.2,554,37.3,"Avocado"
"CK002PA2705",2.03418374061584,31.2,0.8,180,255,24.4,0.11,1.02,1.58,0.68,0.21,724,33.3,"Avocado"
"CK002PA2263",2.45601398601399,26.7,1.05,143,83.1,4.41,0.14,0.96,1.57,0.65,0.27,793,66,"Avocado"
"CK002PA2706",1.82706940174103,24.9,0.64,142,266,22.9,0.13,1.15,1.23,0.56,0.21,494,41.2,"Avocado"
"CK002PA2707",2.1123468875885,24.7,0.46,192,178,17.4,0.15,1.23,1.28,0.61,0.22,600,38,"Avocado"
"CT276PA0001",0.844945549964905,28.2,0.1,53.4,2.83,7.02,0.069,0.77,1.19,0.046,0.095,3560,336,"Macadamia"
"CK002PA2708",1.95870983600616,32.4,0.56,176,178,21.2,0.15,1.32,1.29,0.65,0.23,598,60.4,"Avocado"
"CT276PA0002",1.05448269844055,9.08,0.69,32.8,2.31,5.27,0.048,0.77,0.43,0.041,0.084,610,81.5,"Macadamia"
"CL160PA0002",3.01625874125874,37.7,0.52,204,245,24,0.28,1.77,0.72,0.32,0.29,126,28,"Avocado"
"CA028PA0173",2.9841,18.9,0.64,147,180,11.3,0.17,0.98,1.37,0.51,0.24,214,38.5,"Avocado"
"CA028PA0302",2.77991724014282,16.2,0.55,110,27.5,29.6,0.15,1.27,1.25,0.62,0.22,347,43.9,"Avocado"
"CA028PA0303",3.14380407333374,18.4,0.38,127,35.9,27.6,0.16,1.18,1.46,0.64,0.25,559,40.5,"Avocado"
"CK002PA2544",2.24811188811189,23.1,0.1,140,182,0.05,0.14,1.09,0.9,0.38,0.21,317,37.4,"Avocado"
"CK002PA2962",1.73892915248871,22.4,0.82,109,159,8.22,0.13,0.98,1.02,0.62,0.19,422,43.5,"Avocado"
"CA028PA0304",3.20629692077637,17.7,0.42,105,32,36.3,0.16,1.33,1.49,0.65,0.24,555,43.4,"Avocado"
"CA028PA0305",2.93102836608887,16.8,0.44,93,23.7,20.2,0.17,1.18,1.98,0.64,0.25,354,34.9,"Avocado"
"CK002PA2659",2.08951048951049,46.1,0.84,92.5,107,3.17,0.099,1.05,1.19,0.41,0.25,225,16.4,"Avocado"
"CK002PA2660",2.42832167832168,35,0.64,166,56.9,5.05,0.11,1.01,1.57,0.52,0.27,524,28.5,"Avocado"
"CA028PA0306",3.13576674461365,17.3,0.33,140,31.6,20.1,0.16,1.24,1.84,0.77,0.24,818,35.5,"Avocado"
"CA028PA0324",2.50937485694885,28,0.14,139,55.9,23,0.15,1.25,1.74,0.64,0.2,501,32.8,"Avocado"
"FA806-225PA0001",2.15847902097902,15.6,0.11,103,6.06,5.3,0.15,1,0.88,0.26,0.16,344,23.9,"Avocado"
"CK002PA2267",2.70708041958042,51.8,0.1,104,32.6,36.5,0.14,0.94,1.82,0.43,0.17,688,29.7,"Avocado"
"CK002PA2274",2.73314685314685,27.8,0.25,119,192,13.8,0.16,1.21,0.9,0.45,0.17,251,64.9,"Avocado"
"CK002PA2288",2.94519230769231,26.7,0.33,108,148,7.47,0.15,0.79,1.15,0.54,0.17,518,55.7,"Avocado"
"CK002PA2290",2.83715034965035,28.2,0.1,106,111,24.8,0.16,1.05,1.13,0.53,0.18,753,86.7,"Avocado"
"FA324-88PA0002",1.86713286713287,23.5,0.1,88.8,13.2,33.2,0.18,1.5,0.54,0.19,0.17,761,26.9,"Avocado"
"FA324-88PA0003",2.01923076923077,28.3,0.5,71.4,9.63,26.4,0.2,1.39,0.62,0.25,0.19,457,25.7,"Avocado"
"CA019PA0001",2.15034965034965,26,2.43,80.7,5.4,48.4,0.15,1.45,1.02,0.36,0.21,66.1,23.5,"Avocado"
"CA019PA0002",2.00874125874126,28.2,2.93,87.6,4.77,7.67,0.14,1.44,1.09,0.31,0.28,96.1,17.9,"Avocado"
"CK002PA2419",1.92986013986014,7.7,0.33,145,4.06,14.9,0.068,0.68,0.7,0.063,0.14,2370,59.5,"Macadamia"
"CK002PA2423",2.05940559440559,9.42,0.22,139,4.97,14.5,0.079,0.68,0.61,0.087,0.19,2630,32,"Macadamia"
"CK002PA2472",2.01534965034965,7.59,0.1,129,4.16,21.7,0.066,0.71,0.76,0.062,0.14,1110,34.5,"Macadamia"
"CK002PA2480",1.75573426573427,4.47,0.1,85.7,3.51,18.8,0.056,0.43,0.76,0.076,0.12,2410,68.7,"Macadamia"
"CK002PA2497",1.78248251748252,15.1,0.1,157,4.54,10.9,0.057,0.43,0.71,0.069,0.13,2440,28.3,"Macadamia"
"CK002PA2501",1.92776223776224,10.1,0.15,190,4.22,11.8,0.068,0.59,1.71,0.055,0.17,3030,93.5,"Macadamia"
"CK002PA2511",1.29944055944056,7.6,0.12,86,4.83,16.4,0.07,0.59,0.5,0.071,0.11,1000,68.5,"Macadamia"
"CK002PA2522",1.80451048951049,9.52,0.22,92.2,7.4,22.9,0.16,0.73,0.28,0.091,0.13,679,16.8,"Macadamia"
"CK002PA2527",1.93982517482517,8.24,0.31,102,5.04,14.6,0.099,0.67,0.59,0.063,0.14,1490,79.7,"Macadamia"
"CK002PA2737",1.73247241973877,25.2,0.1,77,196,0.05,0.11,0.98,1.18,0.5,0.18,1220,33.7,"Avocado"
"CK002PA2738",1.74107313156128,31.9,0.1,80.7,305,0.05,0.11,1.18,1.31,0.5,0.2,1380,39.7,"Avocado"
"CK002PA2739",1.99524235725403,24.1,0.1,130,136,7.09,0.12,1.05,1,0.55,0.19,871,34.4,"Avocado"
"CK002PA2740",2.09999203681946,21.6,0.22,75.8,94.6,2.72,0.12,1.17,1.25,0.52,0.21,1540,43.8,"Avocado"
"CK002PA2741",2.01048469543457,23.4,0.11,96.1,135,3.17,0.11,1.13,1.05,0.49,0.2,1240,43.9,"Avocado"
"CO127PA0004",1.23555302619934,20.5,0.83,163,4.7,43.9,0.15,1.12,0.62,0.23,0.16,35.7,22.7,"Avocado"
"FA324-236PA0003",2.43616414070129,30.9,1.02,74.3,15.4,22.4,0.26,1.44,0.47,0.2,0.2,233,27.8,"Avocado"
"FA324-236PA0004",2.30570578575134,30.1,0.94,77.7,14,32.8,0.29,1.61,0.66,0.24,0.21,249,28.4,"Avocado"
"CO127PA0003",1.77495157718658,35.1,1.01,231,11.2,38.5,0.26,1.42,1.29,0.37,0.46,92.8,38.4,"Avocado"
"FA324-618PA0001",2.29126596450806,30.5,0.1,104,16.6,27.5,0.24,1.84,0.51,0.24,0.18,480,20,"Avocado"
"FA222-113PA0001",1.75474989414215,31.8,0.6,94,21,37.6,0.23,1.41,0.56,0.22,0.16,394,23.8,"Avocado"
