,Unnamed: 0,ChannelStartInKeV,ChannelCount
0,0,0.000922306,-11.999999999999995
1,1,0.02094201,-9.588235294117641
2,2,0.04096171,-7.17647058823529
3,3,0.06098141,-4.764705882352938
4,4,0.08100111,-2.352941176470585
5,5,0.1010208,0.05882352941176627
6,6,0.1210405,2.4705882352941195
7,7,0.1410602,4.882352941176473
8,8,0.1610799,7.294117647058823
9,9,0.1810996,76.47058823529413
10,10,0.2011193,410.7058823529412
11,11,0.221139,1127.7647058823532
12,12,0.2411587,1799.294117647059
13,13,0.2611784,2095.588235294118
14,14,0.2811981,2157.117647058824
15,15,0.3012178,2164.4705882352946
16,16,0.3212375,2165.9411764705887
17,17,0.3412572,2166.4117647058824
18,18,0.3612769,2166.588235294118
19,19,0.3812966,2166.8823529411766
20,20,0.4013163,2166.9411764705883
21,21,0.421336,2166.9411764705883
22,22,0.4413557,2167.1176470588234
23,23,0.4613754,2167.1176470588234
24,24,0.4813951,2167.0
25,25,0.5014148,2160.176470588235
26,26,0.5214345,2137.176470588236
27,27,0.5414543,1850.9411764705885
28,28,0.5614739,1180.0588235294117
29,29,0.5814936,554.8823529411765
30,30,0.6015133,304.11764705882365
31,31,0.621533,288.76470588235304
32,32,0.6415527,328.23529411764713
33,33,0.6615725,373.1176470588236
34,34,0.6815922,417.2941176470589
35,35,0.7016118,459.9411764705883
36,36,0.7216315,503.52941176470586
37,37,0.7416512,542.5882352941177
38,38,0.7616709,583.8823529411765
39,39,0.7816907,626.4705882352941
40,40,0.8017104,668.8823529411765
41,41,0.82173,710.4117647058824
42,42,0.8417497,752.7647058823529
43,43,0.8617694,749.1764705882354
44,44,0.8817891,740.8823529411766
45,45,0.9018089,737.2352941176471
46,46,0.9218286,730.2941176470589
47,47,0.9418483,724.4705882352941
48,48,0.9618679,718.2941176470589
49,49,0.9818876,711.529411764706
50,50,1.001907,704.0588235294117
51,51,1.021927,697.8235294117648
52,52,1.041947,692.5882352941177
53,53,1.061966,684.7647058823529
54,54,1.081986,682.3529411764707
55,55,1.102006,677.1764705882354
56,56,1.122026,670.8823529411765
57,57,1.142045,667.7647058823529
58,58,1.162065,666.2941176470589
59,59,1.182085,659.1176470588235
60,60,1.202104,650.2941176470589
61,61,1.222124,643.3529411764706
62,62,1.242144,635.0000000000001
63,63,1.262164,631.235294117647
64,64,1.282183,627.2941176470589
65,65,1.302203,623.1764705882352
66,66,1.322223,618.764705882353
67,67,1.342242,617.0588235294117
68,68,1.362262,614.7058823529412
69,69,1.382282,609.7058823529412
70,70,1.402301,607.4117647058823
71,71,1.422321,605.8235294117649
72,72,1.442341,602.0
73,73,1.462361,599.1176470588236
74,74,1.48238,591.2352941176471
75,75,1.5024,581.5882352941178
76,76,1.52242,576.1176470588235
77,77,1.542439,574.8823529411766
78,78,1.562459,572.0
79,79,1.582479,571.1764705882354
80,80,1.602498,565.8235294117648
81,81,1.622518,560.1176470588236
82,82,1.642538,555.5882352941176
83,83,1.662557,552.5882352941177
84,84,1.682577,547.4705882352941
85,85,1.702597,543.1764705882352
86,86,1.722617,542.2941176470588
87,87,1.742636,542.2352941176471
88,88,1.762656,540.9411764705883
89,89,1.782676,542.1176470588236
90,90,1.802695,539.764705882353
91,91,1.822715,540.9411764705883
92,92,1.842735,541.9411764705883
93,93,1.862754,544.7058823529413
94,94,1.882774,540.5882352941177
95,95,1.902794,541.0000000000001
96,96,1.922814,536.3529411764706
97,97,1.942833,534.4117647058824
98,98,1.962853,535.529411764706
99,99,1.982873,533.764705882353
100,100,2.002892,529.3529411764706
101,101,2.022912,526.5294117647059
102,102,2.042932,522.9411764705883
103,103,2.062952,519.7647058823529
104,104,2.082971,514.7058823529412
105,105,2.102991,514.7058823529412
106,106,2.123011,511.64705882352945
107,107,2.14303,508.94117647058823
108,108,2.16305,506.47058823529414
109,109,2.18307,502.64705882352945
110,110,2.203089,495.4705882352941
111,111,2.223109,493.88235294117646
112,112,2.243129,489.5882352941177
113,113,2.263149,488.1764705882353
114,114,2.283168,486.41176470588243
115,115,2.303188,482.8235294117647
116,116,2.323208,477.88235294117646
117,117,2.343227,474.8823529411766
118,118,2.363247,471.2352941176471
119,119,2.383267,467.9411764705883
120,120,2.403286,465.23529411764713
121,121,2.423306,467.7058823529412
122,122,2.443326,466.05882352941177
123,123,2.463346,467.5882352941177
124,124,2.483365,469.00000000000006
125,125,2.503385,468.2352941176471
126,126,2.523405,467.5882352941177
127,127,2.543424,468.23529411764713
128,128,2.563444,464.29411764705884
129,129,2.583464,463.6470588235295
130,130,2.603483,461.11764705882354
131,131,2.623503,456.9411764705883
132,132,2.643523,449.7058823529413
133,133,2.663543,449.0
134,134,2.683562,448.00000000000006
135,135,2.703582,447.29411764705884
136,136,2.723602,447.1176470588236
137,137,2.743621,448.23529411764713
138,138,2.763641,447.82352941176475
139,139,2.783661,445.5294117647059
140,140,2.80368,444.41176470588243
141,141,2.8237,441.3529411764706
142,142,2.84372,438.1176470588236
143,143,2.863739,434.5294117647059
144,144,2.883759,430.3529411764706
145,145,2.903779,432.82352941176475
146,146,2.923799,428.94117647058823
147,147,2.943818,425.7058823529412
148,148,2.963838,423.4117647058824
149,149,2.983858,424.41176470588243
150,150,3.003877,423.0
151,151,3.023897,423.35294117647067
152,152,3.043917,430.47058823529414
153,153,3.063936,445.7058823529413
154,154,3.083956,476.4117647058824
155,155,3.103976,532.1764705882354
156,156,3.123996,615.764705882353
157,157,3.144015,720.4705882352941
158,158,3.164035,820.0
159,159,3.184055,900.1176470588235
160,160,3.204074,953.6470588235294
161,161,3.224094,985.5882352941177
162,162,3.244114,995.9411764705883
163,163,3.264133,1002.8235294117648
164,164,3.284153,1009.1176470588236
165,165,3.304173,1016.8823529411765
166,166,3.324193,1027.5882352941178
167,167,3.344212,1037.8823529411766
168,168,3.364232,1047.4705882352941
169,169,3.384252,1052.235294117647
170,170,3.404271,1053.1764705882354
171,171,3.424291,1039.7647058823532
172,172,3.444311,1010.7058823529411
173,173,3.464331,979.7647058823529
174,174,3.48435,956.2941176470589
175,175,3.50437,968.2352941176472
176,176,3.52439,1021.7058823529413
177,177,3.544409,1093.0588235294117
178,178,3.564429,1165.8235294117649
179,179,3.584449,1219.0
180,180,3.604469,1253.7058823529412
181,181,3.624488,1262.6470588235295
182,182,3.644508,1261.1764705882356
183,183,3.664528,1247.764705882353
184,184,3.684547,1231.058823529412
185,185,3.704567,1213.4117647058824
186,186,3.724587,1194.0
187,187,3.744606,1170.7058823529412
188,188,3.764626,1145.5882352941178
189,189,3.784646,1110.764705882353
190,190,3.804666,1053.5882352941176
191,191,3.824685,973.1764705882352
192,192,3.844705,871.8235294117646
193,193,3.864725,746.7058823529413
194,194,3.884744,628.0000000000001
195,195,3.904764,528.5882352941178
196,196,3.924784,461.35294117647067
197,197,3.944803,417.6470588235295
198,198,3.964823,397.11764705882354
199,199,3.984843,384.41176470588243
200,200,4.004862,378.8235294117647
201,201,4.024882,378.05882352941177
202,202,4.044902,373.88235294117646
203,203,4.064921,367.5294117647059
204,204,4.084941,363.11764705882354
205,205,4.104961,355.88235294117646
206,206,4.124981,345.2352941176471
207,207,4.145,332.6470588235294
208,208,4.16502,311.7058823529412
209,209,4.18504,286.764705882353
210,210,4.20506,262.4117647058824
211,211,4.225079,244.8823529411765
212,212,4.245099,228.82352941176472
213,213,4.265119,219.1764705882353
214,214,4.285138,210.76470588235296
215,215,4.305158,206.00000000000003
216,216,4.325178,204.8235294117647
217,217,4.345197,203.05882352941177
218,218,4.365217,199.2941176470588
219,219,4.385237,199.11764705882354
220,220,4.405257,198.47058823529414
221,221,4.425276,195.7058823529412
222,222,4.445296,193.94117647058826
223,223,4.465316,193.41176470588235
224,224,4.485335,190.23529411764707
225,225,4.505355,188.58823529411765
226,226,4.525375,186.8235294117647
227,227,4.545394,185.82352941176472
228,228,4.565414,183.88235294117652
229,229,4.585434,183.58823529411768
230,230,4.605453,180.76470588235296
231,231,4.625473,178.76470588235296
232,232,4.645493,175.3529411764706
233,233,4.665513,171.3529411764706
234,234,4.685533,168.8823529411765
235,235,4.705552,166.23529411764707
236,236,4.725572,162.52941176470588
237,237,4.745592,160.5294117647059
238,238,4.765611,158.2352941176471
239,239,4.785631,157.23529411764707
240,240,4.805651,155.23529411764707
241,241,4.82567,154.41176470588235
242,242,4.84569,153.0
243,243,4.86571,151.11764705882354
244,244,4.885729,147.94117647058823
245,245,4.905749,145.0
246,246,4.925769,142.88235294117646
247,247,4.945788,142.29411764705884
248,248,4.965808,140.82352941176472
249,249,4.985828,140.8235294117647
250,250,5.005847,138.47058823529412
251,251,5.025867,136.88235294117646
252,252,5.045887,135.52941176470588
253,253,5.065907,134.94117647058826
254,254,5.085927,133.76470588235296
255,255,5.105946,132.35294117647058
256,256,5.125966,131.0588235294118
257,257,5.145986,129.52941176470588
258,258,5.166005,127.5294117647059
259,259,5.186025,129.0
260,260,5.206045,131.64705882352942
261,261,5.226064,135.94117647058823
262,262,5.246084,141.8823529411765
263,263,5.266104,146.41176470588235
264,264,5.286123,148.1764705882353
265,265,5.306143,150.11764705882354
266,266,5.326163,151.41176470588238
267,267,5.346182,152.88235294117646
268,268,5.366202,152.11764705882354
269,269,5.386222,152.52941176470588
270,270,5.406241,149.82352941176472
271,271,5.426261,148.05882352941177
272,272,5.446281,147.64705882352942
273,273,5.4663,145.23529411764707
274,274,5.48632,143.05882352941177
275,275,5.50634,141.0
276,276,5.52636,137.52941176470588
277,277,5.54638,132.23529411764707
278,278,5.566399,128.00000000000003
279,279,5.586419,121.58823529411765
280,280,5.606439,118.82352941176474
281,281,5.626458,123.94117647058826
282,282,5.646478,135.76470588235296
283,283,5.666498,158.8823529411765
284,284,5.686517,198.11764705882354
285,285,5.706537,252.47058823529412
286,286,5.726557,311.764705882353
287,287,5.746576,376.0
288,288,5.766596,432.41176470588243
289,289,5.786616,477.05882352941177
290,290,5.806635,506.5882352941177
291,291,5.826655,524.5294117647059
292,292,5.846675,534.7647058823529
293,293,5.866695,538.5882352941177
294,294,5.886714,540.7647058823529
295,295,5.906734,540.4117647058824
296,296,5.926754,539.1176470588235
297,297,5.946774,532.4117647058824
298,298,5.966793,521.1176470588235
299,299,5.986813,504.764705882353
300,300,6.006833,476.7058823529412
301,301,6.026852,434.2352941176471
302,302,6.046872,378.29411764705884
303,303,6.066892,315.58823529411774
304,304,6.086911,253.35294117647064
305,305,6.106931,198.76470588235293
306,306,6.126951,158.88235294117652
307,307,6.146971,139.41176470588238
308,308,6.16699,140.76470588235296
309,309,6.18701,160.88235294117646
310,310,6.20703,196.76470588235298
311,311,6.227049,243.8823529411765
312,312,6.247069,299.4117647058824
313,313,6.267089,350.764705882353
314,314,6.287108,394.0
315,315,6.307128,428.58823529411774
316,316,6.327148,454.6470588235295
317,317,6.347167,471.8823529411766
318,318,6.367187,484.764705882353
319,319,6.387207,492.94117647058823
320,320,6.407227,496.5294117647059
321,321,6.427246,495.64705882352945
322,322,6.447266,492.4117647058824
323,323,6.467286,485.52941176470597
324,324,6.487306,472.764705882353
325,325,6.507325,451.0588235294118
326,326,6.527345,418.7058823529412
327,327,6.547365,376.5882352941177
328,328,6.567384,324.4117647058824
329,329,6.587404,265.3529411764706
330,330,6.607424,211.94117647058823
331,331,6.627443,167.5294117647059
332,332,6.647463,131.8823529411765
333,333,6.667483,104.64705882352942
334,334,6.687502,85.47058823529413
335,335,6.707522,70.5294117647059
336,336,6.727542,61.117647058823536
337,337,6.747561,55.64705882352943
338,338,6.767581,54.00000000000001
339,339,6.787601,55.411764705882355
340,340,6.807621,56.1764705882353
341,341,6.827641,61.82352941176471
342,342,6.84766,67.58823529411765
343,343,6.86768,75.29411764705884
344,344,6.8877,82.64705882352942
345,345,6.907719,92.88235294117648
346,346,6.927739,101.8235294117647
347,347,6.947759,107.1764705882353
348,348,6.967778,112.1764705882353
349,349,6.987798,115.47058823529413
350,350,7.007818,116.41176470588236
351,351,7.027837,117.52941176470588
352,352,7.047857,118.23529411764707
353,353,7.067877,117.58823529411767
354,354,7.087896,117.70588235294119
355,355,7.107916,115.47058823529413
356,356,7.127936,112.88235294117648
357,357,7.147955,110.94117647058823
358,358,7.167975,106.05882352941177
359,359,7.187995,102.47058823529413
360,360,7.208014,100.58823529411765
361,361,7.228034,102.8235294117647
362,362,7.248054,109.05882352941177
363,363,7.268074,124.47058823529412
364,364,7.288094,148.0
365,365,7.308113,176.88235294117644
366,366,7.328133,204.8823529411765
367,367,7.348153,231.0588235294118
368,368,7.368172,250.94117647058823
369,369,7.388192,266.9411764705883
370,370,7.408212,276.4117647058823
371,371,7.428231,281.94117647058823
372,372,7.448251,285.3529411764706
373,373,7.468271,286.764705882353
374,374,7.48829,286.88235294117646
375,375,7.50831,285.764705882353
376,376,7.52833,282.82352941176475
377,377,7.548349,276.0588235294118
378,378,7.568369,265.29411764705884
379,379,7.588389,247.52941176470588
380,380,7.608408,223.47058823529414
381,381,7.628428,193.47058823529412
382,382,7.648448,159.64705882352945
383,383,7.668468,127.17647058823529
384,384,7.688488,98.58823529411765
385,385,7.708507,77.23529411764707
386,386,7.728527,60.47058823529412
387,387,7.748547,51.117647058823536
388,388,7.768566,45.705882352941174
389,389,7.788586,44.00000000000001
390,390,7.808606,44.705882352941174
391,391,7.828625,47.529411764705884
392,392,7.848645,52.05882352941177
393,393,7.868665,57.58823529411765
394,394,7.888684,63.00000000000001
395,395,7.908704,68.52941176470588
396,396,7.928724,73.5294117647059
397,397,7.948744,78.0
398,398,7.968763,80.00000000000001
399,399,7.988783,82.47058823529413
400,400,8.008802,86.0
401,401,8.028822,88.41176470588236
402,402,8.048842,92.41176470588235
403,403,8.068862,96.82352941176471
404,404,8.088881,101.29411764705883
405,405,8.108901,106.05882352941175
406,406,8.128921,110.29411764705884
407,407,8.148941,112.64705882352942
408,408,8.168961,112.58823529411765
409,409,8.18898,110.70588235294119
410,410,8.209,107.47058823529413
411,411,8.229019,104.05882352941178
412,412,8.249039,99.88235294117646
413,413,8.269059,95.82352941176471
414,414,8.289079,92.70588235294119
415,415,8.309098,92.23529411764707
416,416,8.329118,92.64705882352942
417,417,8.349137,93.41176470588236
418,418,8.369158,97.35294117647061
419,419,8.389177,102.58823529411767
420,420,8.409197,111.29411764705884
421,421,8.429216,121.94117647058825
422,422,8.449236,133.64705882352942
423,423,8.469255,146.2941176470588
424,424,8.489276,161.76470588235296
425,425,8.509295,175.41176470588235
426,426,8.529315,187.94117647058826
427,427,8.549335,197.05882352941177
428,428,8.569354,204.94117647058826
429,429,8.589374,209.58823529411762
430,430,8.609394,213.47058823529414
431,431,8.629414,214.76470588235298
432,432,8.649433,215.7058823529412
433,433,8.669453,215.3529411764706
434,434,8.689472,214.76470588235293
435,435,8.709493,211.2352941176471
436,436,8.729512,204.88235294117646
437,437,8.749532,193.76470588235296
438,438,8.769551,180.3529411764706
439,439,8.789571,166.64705882352942
440,440,8.80959,150.64705882352942
441,441,8.829611,133.52941176470588
442,442,8.84963,118.99999999999999
443,443,8.86965,106.4705882352941
444,444,8.889669,97.76470588235296
445,445,8.909689,90.64705882352942
446,446,8.929708,87.52941176470588
447,447,8.949729,85.82352941176472
448,448,8.969748,85.76470588235296
449,449,8.989768,86.0
450,450,9.009788,87.05882352941177
451,451,9.029807,87.52941176470588
452,452,9.049828,87.88235294117648
453,453,9.069847,88.29411764705883
454,454,9.089867,90.64705882352942
455,455,9.109886,92.76470588235293
456,456,9.129906,93.05882352941178
457,457,9.149925,94.05882352941178
458,458,9.169946,94.76470588235296
459,459,9.189965,97.88235294117649
460,460,9.209985,100.11764705882354
461,461,9.230004,103.88235294117649
462,462,9.250024,107.11764705882355
463,463,9.270044,110.23529411764706
464,464,9.290064,113.76470588235296
465,465,9.310083,116.94117647058826
466,466,9.330103,120.52941176470588
467,467,9.350122,124.1764705882353
468,468,9.370142,128.5294117647059
469,469,9.390162,133.3529411764706
470,470,9.410182,138.23529411764707
471,471,9.430202,144.76470588235296
472,472,9.450221,151.05882352941177
473,473,9.470241,158.11764705882354
474,474,9.49026,165.17647058823533
475,475,9.510281,172.94117647058826
476,476,9.5303,178.70588235294122
477,477,9.55032,184.3529411764706
478,478,9.570339,187.76470588235296
479,479,9.590359,190.52941176470588
480,480,9.610379,194.4705882352941
481,481,9.630399,198.52941176470588
482,482,9.650418,202.70588235294122
483,483,9.670438,205.05882352941177
484,484,9.690457,206.82352941176472
485,485,9.710477,207.94117647058823
486,486,9.730497,208.05882352941177
487,487,9.750517,210.29411764705884
488,488,9.770536,209.88235294117646
489,489,9.790556,209.3529411764706
490,490,9.810575,207.29411764705884
491,491,9.830596,204.7058823529412
492,492,9.850616,202.47058823529412
493,493,9.870635,200.94117647058826
494,494,9.890655,199.47058823529412
495,495,9.910674,200.76470588235296
496,496,9.930694,203.1764705882353
497,497,9.950714,205.0
498,498,9.970734,207.17647058823533
499,499,9.990753,206.58823529411768
500,500,10.01077,210.41176470588235
501,501,10.03079,211.58823529411765
502,502,10.05081,213.70588235294116
503,503,10.07083,219.0
504,504,10.09085,221.64705882352942
505,505,10.11087,223.47058823529414
506,506,10.13089,224.76470588235293
507,507,10.15091,227.58823529411765
508,508,10.17093,233.64705882352942
509,509,10.19095,237.29411764705884
510,510,10.21097,242.47058823529412
511,511,10.23099,248.23529411764707
512,512,10.25101,251.47058823529414
513,513,10.27103,258.05882352941177
514,514,10.29105,262.0588235294118
515,515,10.31107,266.8823529411765
516,516,10.33109,273.8823529411765
517,517,10.35111,279.0
518,518,10.37113,287.1176470588236
519,519,10.39115,294.2352941176471
520,520,10.41117,299.5882352941177
521,521,10.43119,304.4117647058823
522,522,10.45121,308.9411764705883
523,523,10.47123,316.2352941176471
524,524,10.49125,322.64705882352945
525,525,10.51127,326.7647058823529
526,526,10.53129,331.64705882352945
527,527,10.5513,334.11764705882354
528,528,10.57132,338.11764705882354
529,529,10.59134,342.7058823529412
530,530,10.61136,344.1176470588236
531,531,10.63138,348.8823529411765
532,532,10.6514,352.58823529411774
533,533,10.67142,354.29411764705884
534,534,10.69144,356.3529411764706
535,535,10.71146,359.11764705882354
536,536,10.73148,361.47058823529414
537,537,10.7515,361.1764705882353
538,538,10.77152,363.00000000000006
539,539,10.79154,365.47058823529414
540,540,10.81156,367.82352941176475
541,541,10.83158,372.5294117647059
542,542,10.8516,375.35294117647067
543,543,10.87162,378.64705882352945
544,544,10.89164,382.764705882353
545,545,10.91166,387.82352941176475
546,546,10.93168,392.1176470588236
547,547,10.9517,398.11764705882354
548,548,10.97172,402.2941176470589
549,549,10.99174,403.64705882352945
550,550,11.01176,409.99999999999994
551,551,11.03178,415.0588235294118
552,552,11.0518,420.764705882353
553,553,11.07182,426.29411764705884
554,554,11.09184,433.29411764705884
555,555,11.11186,439.4117647058823
556,556,11.13188,445.47058823529414
557,557,11.1519,449.2352941176471
558,558,11.17192,452.82352941176475
559,559,11.19194,459.00000000000006
560,560,11.21196,467.8823529411765
561,561,11.23197,477.2352941176471
562,562,11.25199,485.41176470588243
563,563,11.27201,494.5882352941177
564,564,11.29203,504.58823529411774
565,565,11.31205,514.3529411764706
566,566,11.33207,527.1764705882354
567,567,11.35209,533.3529411764706
568,568,11.37211,539.4117647058824
569,569,11.39213,544.6470588235295
570,570,11.41215,549.2941176470589
571,571,11.43217,555.1764705882352
572,572,11.45219,563.5294117647059
573,573,11.47221,573.6470588235294
574,574,11.49223,580.0588235294118
575,575,11.51225,586.764705882353
576,576,11.53227,591.529411764706
577,577,11.55229,594.8823529411765
578,578,11.57231,600.1764705882352
579,579,11.59233,601.8823529411765
580,580,11.61235,604.529411764706
581,581,11.63237,605.2941176470589
582,582,11.65239,606.529411764706
583,583,11.67241,607.1764705882354
584,584,11.69243,612.4117647058823
585,585,11.71245,621.7058823529412
586,586,11.73247,627.8823529411766
587,587,11.75249,633.5294117647059
588,588,11.77251,640.8235294117649
589,589,11.79253,646.4117647058823
590,590,11.81255,648.4705882352941
591,591,11.83257,653.0588235294118
592,592,11.85258,658.3529411764706
593,593,11.87261,665.5882352941177
594,594,11.89262,669.8235294117648
595,595,11.91264,672.4705882352941
596,596,11.93266,676.0000000000001
597,597,11.95268,677.7058823529412
598,598,11.9727,681.1764705882352
599,599,11.99272,686.1176470588235
600,600,12.01274,689.0
601,601,12.03276,691.2941176470589
602,602,12.05278,691.0
603,603,12.0728,688.7058823529413
604,604,12.09282,693.1764705882354
605,605,12.11284,696.4117647058824
606,606,12.13286,697.6470588235295
607,607,12.15288,701.0000000000001
608,608,12.1729,705.764705882353
609,609,12.19292,710.5882352941176
610,610,12.21294,713.7058823529411
611,611,12.23296,716.5882352941178
612,612,12.25298,718.5882352941177
613,613,12.273,722.4705882352941
614,614,12.29302,725.5882352941176
615,615,12.31304,729.9411764705883
616,616,12.33306,733.8235294117648
617,617,12.35308,739.2941176470588
618,618,12.3731,743.764705882353
619,619,12.39312,749.8235294117648
620,620,12.41314,759.764705882353
621,621,12.43316,765.3529411764707
622,622,12.45318,769.4117647058824
623,623,12.4732,774.1764705882354
624,624,12.49322,778.764705882353
625,625,12.51324,782.9411764705883
626,626,12.53326,785.1764705882354
627,627,12.55328,787.0588235294118
628,628,12.57329,792.6470588235294
629,629,12.59331,800.5882352941178
630,630,12.61333,808.7647058823529
631,631,12.63335,814.8235294117646
632,632,12.65337,819.5882352941178
633,633,12.67339,819.4117647058824
634,634,12.69341,822.7058823529412
635,635,12.71343,830.1764705882355
636,636,12.73345,833.2352941176471
637,637,12.75347,838.0
638,638,12.77349,837.1764705882352
639,639,12.79351,837.4117647058824
640,640,12.81353,842.6470588235295
641,641,12.83355,848.0588235294117
642,642,12.85357,853.294117647059
643,643,12.87359,859.9411764705883
644,644,12.89361,863.294117647059
645,645,12.91363,869.2352941176471
646,646,12.93365,874.2352941176472
647,647,12.95367,874.1764705882354
648,648,12.97369,878.529411764706
649,649,12.99371,882.4705882352941
650,650,13.01373,894.6470588235294
651,651,13.03375,899.4705882352943
652,652,13.05377,903.2352941176472
653,653,13.07379,910.8235294117648
654,654,13.09381,919.529411764706
655,655,13.11383,931.4117647058824
656,656,13.13385,947.529411764706
657,657,13.15387,958.1176470588236
658,658,13.17389,971.5882352941177
659,659,13.1939,986.2941176470589
660,660,13.21393,1001.6470588235294
661,661,13.23394,1021.0588235294118
662,662,13.25396,1036.5882352941178
663,663,13.27398,1045.1176470588236
664,664,13.294,1057.764705882353
665,665,13.31402,1066.8235294117646
666,666,13.33404,1076.1764705882351
667,667,13.35406,1081.8823529411766
668,668,13.37408,1088.2352941176473
669,669,13.3941,1093.1764705882354
670,670,13.41412,1094.9411764705883
671,671,13.43414,1092.2941176470588
672,672,13.45416,1088.6470588235295
673,673,13.47418,1083.1176470588234
674,674,13.4942,1078.8823529411766
675,675,13.51422,1072.0
676,676,13.53424,1065.058823529412
677,677,13.55426,1058.8823529411766
678,678,13.57428,1050.8235294117649
679,679,13.5943,1039.5882352941178
680,680,13.61432,1036.8235294117646
681,681,13.63434,1031.2941176470588
682,682,13.65436,1029.8235294117649
683,683,13.67438,1026.4117647058824
684,684,13.6944,1021.764705882353
685,685,13.71442,1022.7058823529413
686,686,13.73444,1021.7647058823529
687,687,13.75446,1023.6470588235295
688,688,13.77448,1027.1176470588236
689,689,13.7945,1034.3529411764705
690,690,13.81452,1042.4705882352941
691,691,13.83454,1050.7058823529412
692,692,13.85456,1058.294117647059
693,693,13.87457,1065.3529411764707
694,694,13.8946,1076.4705882352941
695,695,13.91461,1087.8823529411764
696,696,13.93463,1107.8235294117649
697,697,13.95465,1121.235294117647
698,698,13.97467,1143.6470588235297
699,699,13.99469,1161.9411764705883
700,700,14.01471,1180.0588235294117
701,701,14.03473,1198.1176470588234
702,702,14.05475,1212.6470588235297
703,703,14.07477,1228.6470588235295
704,704,14.09479,1234.5882352941176
705,705,14.11481,1241.0000000000002
706,706,14.13483,1245.5882352941178
707,707,14.15485,1244.6470588235295
708,708,14.17487,1243.1176470588236
709,709,14.19489,1237.4117647058824
710,710,14.21491,1236.0588235294117
711,711,14.23493,1227.058823529412
712,712,14.25495,1225.9411764705883
713,713,14.27497,1212.8823529411766
714,714,14.29499,1198.235294117647
715,715,14.31501,1183.294117647059
716,716,14.33503,1171.0588235294117
717,717,14.35505,1159.764705882353
718,718,14.37507,1147.058823529412
719,719,14.39509,1136.2352941176473
720,720,14.41511,1126.4705882352941
721,721,14.43513,1123.0
722,722,14.45515,1120.5882352941178
723,723,14.47517,1117.9411764705883
724,724,14.49519,1116.941176470588
725,725,14.51521,1117.235294117647
726,726,14.53522,1121.8823529411766
727,727,14.55525,1121.6470588235295
728,728,14.57526,1127.4705882352941
729,729,14.59528,1124.0
730,730,14.6153,1125.529411764706
731,731,14.63532,1137.1764705882354
732,732,14.65534,1139.235294117647
733,733,14.67536,1140.4705882352941
734,734,14.69538,1144.0588235294117
735,735,14.7154,1152.9411764705883
736,736,14.73542,1155.5882352941178
737,737,14.75544,1158.8823529411766
738,738,14.77546,1164.235294117647
739,739,14.79548,1169.3529411764707
740,740,14.8155,1172.0588235294115
741,741,14.83552,1177.7647058823532
742,742,14.85554,1182.294117647059
743,743,14.87556,1186.8235294117646
744,744,14.89558,1189.3529411764707
745,745,14.9156,1183.8235294117646
746,746,14.93562,1188.058823529412
747,747,14.95564,1189.9411764705885
748,748,14.97566,1186.5882352941178
749,749,14.99568,1194.1176470588236
750,750,15.0157,1198.8823529411766
751,751,15.03572,1200.1764705882351
752,752,15.05574,1195.1764705882354
753,753,15.07576,1201.9411764705883
754,754,15.09578,1201.0588235294117
755,755,15.1158,1199.8823529411766
756,756,15.13582,1197.2941176470588
757,757,15.15584,1202.5882352941176
758,758,15.17586,1204.294117647059
759,759,15.19588,1202.7647058823532
760,760,15.21589,1199.764705882353
761,761,15.23592,1202.1764705882354
762,762,15.25593,1206.0
763,763,15.27595,1204.764705882353
764,764,15.29597,1205.1176470588236
765,765,15.31599,1208.7058823529412
766,766,15.33601,1203.7058823529414
767,767,15.35603,1201.4117647058824
768,768,15.37605,1197.1764705882354
769,769,15.39607,1200.764705882353
770,770,15.41609,1197.8823529411766
771,771,15.43611,1200.1176470588236
772,772,15.45613,1201.8235294117649
773,773,15.47615,1200.764705882353
774,774,15.49617,1199.235294117647
775,775,15.51619,1199.5882352941178
776,776,15.53621,1202.4705882352941
777,777,15.55623,1204.7647058823532
778,778,15.57625,1208.529411764706
779,779,15.59627,1210.0000000000002
780,780,15.61629,1214.3529411764707
781,781,15.63631,1219.4705882352941
782,782,15.65633,1220.3529411764707
783,783,15.67635,1226.4117647058824
784,784,15.69637,1230.235294117647
785,785,15.71639,1234.0
786,786,15.73641,1233.8823529411766
787,787,15.75643,1236.0
788,788,15.77645,1240.4117647058824
789,789,15.79647,1244.058823529412
790,790,15.81649,1244.2941176470588
791,791,15.83651,1246.9411764705883
792,792,15.85653,1248.1176470588236
793,793,15.87654,1247.1764705882356
794,794,15.89656,1250.4117647058822
795,795,15.91658,1248.3529411764705
796,796,15.9366,1252.0000000000002
797,797,15.95662,1248.4117647058824
798,798,15.97664,1246.5882352941178
799,799,15.99666,1244.1176470588236
800,800,16.01668,1242.235294117647
801,801,16.0367,1239.9411764705883
802,802,16.05672,1240.1176470588239
803,803,16.07674,1239.6470588235297
804,804,16.09676,1237.7647058823532
805,805,16.11678,1238.0
806,806,16.1368,1233.3529411764707
807,807,16.15682,1240.9411764705883
808,808,16.17684,1240.4117647058827
809,809,16.19686,1238.1176470588234
810,810,16.21688,1241.4117647058827
811,811,16.2369,1240.5882352941178
812,812,16.25692,1243.3529411764705
813,813,16.27694,1244.8235294117649
814,814,16.29696,1246.4117647058824
815,815,16.31698,1250.7647058823532
816,816,16.337,1254.1176470588234
817,817,16.35702,1255.2352941176473
818,818,16.37704,1259.0588235294117
819,819,16.39706,1266.5882352941178
820,820,16.41708,1267.235294117647
821,821,16.4371,1272.3529411764707
822,822,16.45712,1271.8235294117649
823,823,16.47714,1277.8235294117646
824,824,16.49716,1278.8235294117646
825,825,16.51718,1279.5882352941176
826,826,16.5372,1288.7647058823532
827,827,16.55721,1293.2352941176468
828,828,16.57723,1294.9411764705883
829,829,16.59725,1296.294117647059
830,830,16.61727,1295.3529411764705
831,831,16.63729,1292.3529411764707
832,832,16.65731,1289.7058823529414
833,833,16.67733,1288.8823529411766
834,834,16.69735,1288.3529411764707
835,835,16.71737,1287.4705882352941
836,836,16.73739,1282.6470588235295
837,837,16.75741,1284.4117647058824
838,838,16.77743,1282.1764705882356
839,839,16.79745,1283.0
840,840,16.81747,1279.0000000000002
841,841,16.83749,1278.6470588235297
842,842,16.85751,1276.3529411764707
843,843,16.87753,1268.7058823529414
844,844,16.89755,1266.294117647059
845,845,16.91757,1268.235294117647
846,846,16.93759,1265.5882352941176
847,847,16.95761,1263.8235294117649
848,848,16.97763,1269.5882352941176
849,849,16.99765,1271.764705882353
850,850,17.01767,1272.6470588235295
851,851,17.03769,1271.8823529411766
852,852,17.05771,1277.0000000000002
853,853,17.07773,1283.9411764705883
854,854,17.09775,1286.4705882352941
855,855,17.11777,1287.8235294117646
856,856,17.13779,1292.529411764706
857,857,17.15781,1298.8235294117649
858,858,17.17783,1304.9411764705883
859,859,17.19785,1313.8823529411766
860,860,17.21786,1319.294117647059
861,861,17.23788,1326.2941176470588
862,862,17.2579,1327.5882352941176
863,863,17.27792,1334.6470588235295
864,864,17.29794,1342.1176470588236
865,865,17.31796,1349.294117647059
866,866,17.33798,1354.5882352941176
867,867,17.358,1361.4705882352944
868,868,17.37802,1371.529411764706
869,869,17.39804,1374.1764705882356
870,870,17.41806,1376.8823529411766
871,871,17.43808,1381.1764705882354
872,872,17.4581,1384.4705882352941
873,873,17.47812,1387.7058823529414
874,874,17.49814,1395.8823529411766
875,875,17.51816,1395.7058823529414
876,876,17.53818,1394.294117647059
877,877,17.5582,1397.1176470588234
878,878,17.57822,1401.1176470588234
879,879,17.59824,1408.058823529412
880,880,17.61826,1415.3529411764707
881,881,17.63828,1420.9411764705885
882,882,17.6583,1423.764705882353
883,883,17.67832,1428.235294117647
884,884,17.69834,1435.0000000000002
885,885,17.71836,1437.5294117647059
886,886,17.73838,1442.9411764705883
887,887,17.7584,1449.0000000000002
888,888,17.77842,1456.5294117647059
889,889,17.79844,1468.1764705882351
890,890,17.81846,1479.8823529411764
891,891,17.83848,1485.4705882352944
892,892,17.8585,1496.0588235294117
893,893,17.87852,1512.2352941176473
894,894,17.89853,1526.0000000000005
895,895,17.91855,1536.4705882352944
896,896,17.93857,1549.5294117647059
897,897,17.95859,1558.7647058823532
898,898,17.97861,1570.7058823529412
899,899,17.99863,1583.4705882352944
900,900,18.01865,1601.3529411764707
901,901,18.03867,1616.058823529412
902,902,18.05869,1638.1176470588239
903,903,18.07871,1659.7058823529412
904,904,18.09873,1677.9411764705885
905,905,18.11875,1700.1176470588236
906,906,18.13877,1723.6470588235295
907,907,18.15879,1744.1176470588239
908,908,18.17881,1780.3529411764707
909,909,18.19883,1814.6470588235295
910,910,18.21885,1848.4705882352944
911,911,18.23887,1893.2352941176473
912,912,18.25889,1936.764705882353
913,913,18.27891,1982.3529411764707
914,914,18.29893,2031.7058823529414
915,915,18.31895,2096.6470588235293
916,916,18.33897,2168.0000000000005
917,917,18.35899,2244.058823529412
918,918,18.37901,2327.470588235294
919,919,18.39903,2415.529411764706
920,920,18.41905,2511.235294117647
921,921,18.43907,2615.4117647058824
922,922,18.45909,2741.5882352941176
923,923,18.47911,2867.705882352942
924,924,18.49913,3002.4705882352946
925,925,18.51915,3138.7058823529414
926,926,18.53917,3290.2352941176473
927,927,18.55919,3459.588235294118
928,928,18.5792,3621.352941176471
929,929,18.59922,3798.588235294118
930,930,18.61924,3989.0588235294126
931,931,18.63926,4186.0
932,932,18.65928,4370.235294117647
933,933,18.6793,4562.588235294118
934,934,18.69932,4754.411764705883
935,935,18.71934,4945.352941176471
936,936,18.73936,5125.588235294118
937,937,18.75938,5300.117647058823
938,938,18.7794,5466.529411764706
939,939,18.79942,5614.176470588236
940,940,18.81944,5750.235294117648
941,941,18.83946,5860.058823529412
942,942,18.85948,5965.529411764707
943,943,18.8795,6052.35294117647
944,944,18.89952,6104.117647058824
945,945,18.91954,6142.0
946,946,18.93956,6158.823529411765
947,947,18.95958,6139.352941176471
948,948,18.9796,6105.8823529411775
949,949,18.99962,6052.823529411765
950,950,19.01964,5964.941176470588
951,951,19.03966,5860.941176470589
952,952,19.05968,5736.411764705884
953,953,19.0797,5595.588235294118
954,954,19.09972,5441.823529411766
955,955,19.11974,5282.882352941177
956,956,19.13976,5100.352941176471
957,957,19.15978,4910.235294117647
958,958,19.1798,4729.352941176471
959,959,19.19982,4537.764705882353
960,960,19.21984,4341.411764705883
961,961,19.23985,4135.64705882353
962,962,19.25987,3936.5294117647063
963,963,19.27989,3738.411764705883
964,964,19.29991,3555.411764705883
965,965,19.31993,3373.705882352941
966,966,19.33995,3200.470588235294
967,967,19.35997,3048.882352941177
968,968,19.37999,2895.294117647059
969,969,19.40001,2751.7647058823527
970,970,19.42003,2625.9411764705887
971,971,19.44005,2509.0000000000005
972,972,19.46007,2394.764705882353
973,973,19.48009,2299.823529411765
974,974,19.50011,2215.3529411764707
975,975,19.52013,2140.1176470588234
976,976,19.54015,2061.588235294118
977,977,19.56017,1990.4705882352941
978,978,19.58019,1940.9411764705883
979,979,19.60021,1896.8823529411768
980,980,19.62023,1852.7647058823532
981,981,19.64025,1816.6470588235295
982,982,19.66027,1786.294117647059
983,983,19.68029,1759.0588235294122
984,984,19.70031,1732.7058823529414
985,985,19.72033,1716.352941176471
986,986,19.74035,1706.3529411764707
987,987,19.76037,1694.8823529411766
988,988,19.78039,1691.1176470588234
989,989,19.80041,1697.1176470588234
990,990,19.82043,1710.3529411764707
991,991,19.84045,1734.2941176470588
992,992,19.86047,1763.6470588235293
993,993,19.88049,1801.1176470588236
994,994,19.90051,1860.6470588235295
995,995,19.92052,1923.588235294118
996,996,19.94054,2002.3529411764712
997,997,19.96056,2090.2352941176473
998,998,19.98058,2182.8823529411766
999,999,20.0006,2271.058823529412
1000,1000,20.02062,2372.470588235294
1001,1001,20.04064,2466.0
1002,1002,20.06066,2554.7647058823522
1003,1003,20.08068,2633.1176470588234
1004,1004,20.1007,2700.529411764706
1005,1005,20.12072,2754.0
1006,1006,20.14074,2788.7058823529414
1007,1007,20.16076,2794.764705882353
1008,1008,20.18078,2789.7058823529414
1009,1009,20.2008,2760.823529411765
1010,1010,20.22082,2719.8823529411766
1011,1011,20.24084,2653.235294117647
1012,1012,20.26086,2577.5294117647063
1013,1013,20.28088,2480.117647058824
1014,1014,20.3009,2373.3529411764707
1015,1015,20.32092,2262.2352941176473
1016,1016,20.34094,2148.8823529411766
1017,1017,20.36096,2027.352941176471
1018,1018,20.38098,1910.7058823529414
1019,1019,20.401,1796.7058823529412
1020,1020,20.42102,1692.7647058823532
1021,1021,20.44104,1603.7647058823532
1022,1022,20.46106,1521.7058823529414
1023,1023,20.48108,1451.3529411764705
1024,1024,20.5011,1403.1176470588236
1025,1025,20.52112,1359.5294117647059
1026,1026,20.54114,1336.1176470588239
1027,1027,20.56116,1319.7647058823532
1028,1028,20.58117,1311.3529411764707
1029,1029,20.60119,1313.3529411764705
1030,1030,20.62121,1323.5294117647059
1031,1031,20.64123,1333.7058823529414
1032,1032,20.66125,1349.9411764705885
1033,1033,20.68127,1368.0
1034,1034,20.70129,1388.0
1035,1035,20.72131,1412.6470588235295
1036,1036,20.74133,1436.9411764705883
1037,1037,20.76135,1461.4117647058824
1038,1038,20.78137,1480.4705882352944
1039,1039,20.80139,1515.4117647058824
1040,1040,20.82141,1545.3529411764707
1041,1041,20.84143,1575.6470588235295
1042,1042,20.86145,1606.1176470588236
1043,1043,20.88147,1628.7058823529414
1044,1044,20.90149,1657.7647058823532
1045,1045,20.92151,1683.7058823529412
1046,1046,20.94153,1707.2941176470588
1047,1047,20.96155,1725.9411764705885
1048,1048,20.98157,1754.6470588235297
1049,1049,21.00159,1775.235294117647
1050,1050,21.02161,1800.2352941176473
1051,1051,21.04163,1817.8823529411766
1052,1052,21.06165,1834.8235294117649
1053,1053,21.08167,1852.7647058823532
1054,1054,21.10169,1862.3529411764705
1055,1055,21.12171,1875.5882352941178
1056,1056,21.14173,1872.4705882352941
1057,1057,21.16175,1877.7647058823532
1058,1058,21.18177,1883.9411764705883
1059,1059,21.20179,1882.0588235294117
1060,1060,21.22181,1879.4705882352941
1061,1061,21.24183,1871.1176470588234
1062,1062,21.26184,1862.058823529412
1063,1063,21.28186,1851.7647058823532
1064,1064,21.30188,1840.5882352941176
1065,1065,21.3219,1821.529411764706
1066,1066,21.34192,1799.5882352941176
1067,1067,21.36194,1773.4117647058824
1068,1068,21.38196,1751.1764705882351
1069,1069,21.40198,1726.1176470588234
1070,1070,21.422,1696.058823529412
1071,1071,21.44202,1674.529411764706
1072,1072,21.46204,1647.4117647058824
1073,1073,21.48206,1620.1176470588239
1074,1074,21.50208,1589.7058823529412
1075,1075,21.5221,1552.235294117647
1076,1076,21.54212,1523.5882352941176
1077,1077,21.56214,1497.235294117647
1078,1078,21.58216,1468.7647058823532
1079,1079,21.60218,1442.0000000000002
1080,1080,21.6222,1415.0588235294115
1081,1081,21.64222,1394.6470588235295
1082,1082,21.66224,1365.9411764705883
1083,1083,21.68226,1342.5882352941178
1084,1084,21.70228,1323.7058823529412
1085,1085,21.7223,1304.8235294117646
1086,1086,21.74232,1288.4705882352941
1087,1087,21.76234,1273.1176470588236
1088,1088,21.78236,1256.4705882352941
1089,1089,21.80238,1242.4117647058824
1090,1090,21.8224,1233.3529411764707
1091,1091,21.84242,1224.294117647059
1092,1092,21.86244,1218.5882352941176
1093,1093,21.88246,1212.7647058823532
1094,1094,21.90248,1209.7647058823532
1095,1095,21.92249,1208.5294117647059
1096,1096,21.94251,1210.0
1097,1097,21.96253,1208.0000000000002
1098,1098,21.98255,1203.4705882352941
1099,1099,22.00257,1212.8823529411768
1100,1100,22.02259,1214.9411764705883
1101,1101,22.04261,1214.8823529411764
1102,1102,22.06263,1215.7647058823532
1103,1103,22.08265,1210.352941176471
1104,1104,22.10267,1211.0
1105,1105,22.12269,1206.4705882352941
1106,1106,22.14271,1201.4117647058824
1107,1107,22.16273,1193.1764705882351
1108,1108,22.18275,1184.3529411764707
1109,1109,22.20277,1175.764705882353
1110,1110,22.22279,1165.8823529411766
1111,1111,22.24281,1152.6470588235295
1112,1112,22.26283,1143.4117647058824
1113,1113,22.28285,1132.5882352941178
1114,1114,22.30287,1122.0588235294117
1115,1115,22.32289,1115.3529411764705
1116,1116,22.34291,1104.8823529411764
1117,1117,22.36293,1096.1764705882354
1118,1118,22.38295,1088.5882352941178
1119,1119,22.40297,1084.235294117647
1120,1120,22.42299,1081.4117647058824
1121,1121,22.44301,1084.1176470588236
1122,1122,22.46303,1096.0588235294117
1123,1123,22.48305,1108.6470588235293
1124,1124,22.50307,1122.6470588235295
1125,1125,22.52309,1140.7058823529412
1126,1126,22.54311,1156.3529411764707
1127,1127,22.56313,1180.5882352941178
1128,1128,22.58315,1204.4117647058824
1129,1129,22.60316,1222.5882352941178
1130,1130,22.62318,1235.4705882352941
1131,1131,22.6432,1252.6470588235293
1132,1132,22.66322,1259.6470588235295
1133,1133,22.68324,1266.058823529412
1134,1134,22.70326,1268.8235294117649
1135,1135,22.72328,1269.6470588235295
1136,1136,22.7433,1261.6470588235295
1137,1137,22.76332,1258.1176470588236
1138,1138,22.78334,1244.4705882352941
1139,1139,22.80336,1224.7647058823532
1140,1140,22.82338,1204.8823529411766
1141,1141,22.8434,1187.235294117647
1142,1142,22.86342,1161.9411764705883
1143,1143,22.88344,1141.470588235294
1144,1144,22.90346,1108.8823529411766
1145,1145,22.92348,1081.1176470588236
1146,1146,22.9435,1058.058823529412
1147,1147,22.96352,1040.058823529412
1148,1148,22.98354,1020.9411764705883
1149,1149,23.00356,1005.4705882352943
1150,1150,23.02358,992.764705882353
1151,1151,23.0436,985.8235294117648
1152,1152,23.06362,981.0000000000001
1153,1153,23.08364,975.9411764705884
1154,1154,23.10366,966.7058823529414
1155,1155,23.12368,963.7058823529413
1156,1156,23.1437,961.4705882352941
1157,1157,23.16372,961.3529411764707
1158,1158,23.18374,954.5882352941177
1159,1159,23.20376,952.7058823529412
1160,1160,23.22378,948.1764705882355
1161,1161,23.2438,948.7058823529412
1162,1162,23.26381,946.8235294117648
1163,1163,23.28383,943.0588235294118
1164,1164,23.30385,935.9411764705883
1165,1165,23.32387,934.9411764705883
1166,1166,23.34389,930.0588235294118
1167,1167,23.36391,923.294117647059
1168,1168,23.38393,918.2941176470589
1169,1169,23.40395,913.2352941176471
1170,1170,23.42397,911.4705882352943
1171,1171,23.44399,908.764705882353
1172,1172,23.46401,908.1176470588236
1173,1173,23.48403,909.8235294117646
1174,1174,23.50405,904.2941176470589
1175,1175,23.52407,903.5882352941177
1176,1176,23.54409,901.2941176470588
1177,1177,23.56411,899.529411764706
1178,1178,23.58413,900.4117647058824
1179,1179,23.60415,903.8235294117648
1180,1180,23.62417,908.8823529411766
1181,1181,23.64419,916.2352941176472
1182,1182,23.66421,921.6470588235296
1183,1183,23.68423,936.5882352941177
1184,1184,23.70425,954.1764705882355
1185,1185,23.72427,975.7058823529411
1186,1186,23.74429,1000.4117647058824
1187,1187,23.76431,1034.3529411764707
1188,1188,23.78433,1077.235294117647
1189,1189,23.80435,1122.7058823529412
1190,1190,23.82437,1170.764705882353
1191,1191,23.84439,1227.4117647058824
1192,1192,23.86441,1284.529411764706
1193,1193,23.88443,1349.7647058823532
1194,1194,23.90445,1416.7058823529412
1195,1195,23.92447,1489.3529411764705
1196,1196,23.94448,1556.529411764706
1197,1197,23.9645,1632.0
1198,1198,23.98452,1707.9411764705883
1199,1199,24.00454,1789.0000000000002
1200,1200,24.02456,1866.3529411764707
1201,1201,24.04458,1940.294117647059
1202,1202,24.0646,2010.7058823529414
1203,1203,24.08462,2070.3529411764707
1204,1204,24.10464,2119.0
1205,1205,24.12466,2149.823529411765
1206,1206,24.14468,2160.0588235294117
1207,1207,24.1647,2156.823529411765
1208,1208,24.18472,2138.8823529411766
1209,1209,24.20474,2111.6470588235297
1210,1210,24.22476,2069.0
1211,1211,24.24478,2022.5294117647059
1212,1212,24.2648,1958.1176470588234
1213,1213,24.28482,1895.1764705882354
1214,1214,24.30484,1820.3529411764707
1215,1215,24.32486,1738.5882352941178
1216,1216,24.34488,1648.2941176470588
1217,1217,24.3649,1560.0588235294117
1218,1218,24.38492,1468.0000000000002
1219,1219,24.40494,1377.058823529412
1220,1220,24.42496,1285.8823529411766
1221,1221,24.44498,1201.294117647059
1222,1222,24.465,1126.529411764706
1223,1223,24.48502,1067.235294117647
1224,1224,24.50504,1014.8235294117649
1225,1225,24.52506,974.4705882352941
1226,1226,24.54508,941.1176470588238
1227,1227,24.5651,915.0
1228,1228,24.58512,897.0
1229,1229,24.60513,887.2352941176472
1230,1230,24.62515,877.2352941176472
1231,1231,24.64517,865.6470588235295
1232,1232,24.66519,866.8235294117648
1233,1233,24.68521,866.1764705882354
1234,1234,24.70523,862.9411764705882
1235,1235,24.72525,865.8235294117648
1236,1236,24.74527,869.1176470588235
1237,1237,24.76529,876.4117647058823
1238,1238,24.78531,881.7058823529413
1239,1239,24.80533,884.4705882352943
1240,1240,24.82535,884.4117647058823
1241,1241,24.84537,888.2352941176472
1242,1242,24.86539,890.5882352941177
1243,1243,24.88541,891.764705882353
1244,1244,24.90543,896.8823529411766
1245,1245,24.92545,896.1176470588236
1246,1246,24.94547,894.1764705882352
1247,1247,24.96549,893.3529411764707
1248,1248,24.98551,898.5882352941178
1249,1249,25.00553,896.4705882352941
1250,1250,25.02555,896.5882352941176
1251,1251,25.04557,898.5294117647059
1252,1252,25.06559,896.8235294117649
1253,1253,25.08561,893.2941176470589
1254,1254,25.10563,892.7058823529412
1255,1255,25.12565,888.3529411764707
1256,1256,25.14567,885.9411764705883
1257,1257,25.16569,887.1176470588236
1258,1258,25.18571,888.5294117647059
1259,1259,25.20573,886.6470588235294
1260,1260,25.22575,888.5882352941177
1261,1261,25.24577,886.8235294117646
1262,1262,25.26579,885.5882352941177
1263,1263,25.2858,885.1764705882354
1264,1264,25.30582,882.2941176470589
1265,1265,25.32584,878.8235294117649
1266,1266,25.34586,875.8235294117649
1267,1267,25.36588,872.0
1268,1268,25.3859,868.1764705882354
1269,1269,25.40592,863.3529411764707
1270,1270,25.42594,854.294117647059
1271,1271,25.44596,848.3529411764706
1272,1272,25.46598,843.4117647058824
1273,1273,25.486,842.2941176470589
1274,1274,25.50602,835.7647058823532
1275,1275,25.52604,829.9411764705883
1276,1276,25.54606,827.2352941176472
1277,1277,25.56608,821.8235294117648
1278,1278,25.5861,818.0588235294119
1279,1279,25.60612,813.0588235294118
1280,1280,25.62614,809.1176470588236
1281,1281,25.64616,809.2941176470589
1282,1282,25.66618,805.8235294117648
1283,1283,25.6862,804.9411764705883
1284,1284,25.70622,806.1764705882352
1285,1285,25.72624,802.0
1286,1286,25.74626,804.8235294117648
1287,1287,25.76628,806.4705882352943
1288,1288,25.7863,803.470588235294
1289,1289,25.80632,805.764705882353
1290,1290,25.82634,802.9411764705883
1291,1291,25.84636,803.1176470588236
1292,1292,25.86638,802.529411764706
1293,1293,25.8864,801.7058823529413
1294,1294,25.90642,802.1176470588236
1295,1295,25.92644,806.5882352941178
1296,1296,25.94646,806.9411764705884
1297,1297,25.96647,807.2352941176472
1298,1298,25.98649,805.1176470588235
1299,1299,26.00651,805.6470588235294
1300,1300,26.02653,804.0588235294118
1301,1301,26.04655,804.4705882352941
1302,1302,26.06657,808.6470588235294
1303,1303,26.08659,806.4705882352941
1304,1304,26.10661,807.2352941176471
1305,1305,26.12663,807.764705882353
1306,1306,26.14665,806.4117647058824
1307,1307,26.16667,808.1176470588236
1308,1308,26.18669,807.8235294117648
1309,1309,26.20671,806.1764705882352
1310,1310,26.22673,808.0588235294119
1311,1311,26.24675,806.9411764705883
1312,1312,26.26677,801.4117647058824
1313,1313,26.28679,801.5882352941177
1314,1314,26.30681,803.2941176470589
1315,1315,26.32683,804.5294117647059
1316,1316,26.34685,803.8235294117649
1317,1317,26.36687,802.5882352941176
1318,1318,26.38689,800.0588235294119
1319,1319,26.40691,798.5882352941178
1320,1320,26.42693,798.4705882352941
1321,1321,26.44695,795.8823529411765
1322,1322,26.46697,796.4117647058824
1323,1323,26.48699,794.8823529411765
1324,1324,26.50701,793.1176470588236
1325,1325,26.52703,791.0
1326,1326,26.54705,786.8823529411766
1327,1327,26.56707,783.235294117647
1328,1328,26.58709,781.8823529411765
1329,1329,26.60711,780.764705882353
1330,1330,26.62712,778.7647058823529
1331,1331,26.64714,775.2941176470589
1332,1332,26.66716,773.5882352941177
1333,1333,26.68718,773.8235294117648
1334,1334,26.7072,773.2352941176471
1335,1335,26.72722,774.5882352941178
1336,1336,26.74724,772.2941176470589
1337,1337,26.76726,769.2941176470589
1338,1338,26.78728,770.2352941176471
1339,1339,26.8073,770.8823529411767
1340,1340,26.82732,770.0588235294118
1341,1341,26.84734,773.1764705882354
1342,1342,26.86736,778.529411764706
1343,1343,26.88738,783.1764705882354
1344,1344,26.9074,789.2352941176471
1345,1345,26.92742,796.4117647058823
1346,1346,26.94744,803.9411764705883
1347,1347,26.96746,814.4705882352941
1348,1348,26.98748,824.0
1349,1349,27.0075,835.8823529411766
1350,1350,27.02752,849.1176470588235
1351,1351,27.04754,864.8823529411766
1352,1352,27.06756,881.4117647058824
1353,1353,27.08758,896.8235294117648
1354,1354,27.1076,913.7647058823532
1355,1355,27.12762,936.4117647058823
1356,1356,27.14764,951.1764705882354
1357,1357,27.16766,966.1176470588236
1358,1358,27.18768,982.8823529411765
1359,1359,27.2077,992.1176470588234
1360,1360,27.22772,1002.4705882352943
1361,1361,27.24774,1005.7058823529413
1362,1362,27.26776,1010.2941176470589
1363,1363,27.28778,1006.529411764706
1364,1364,27.30779,1006.1176470588236
1365,1365,27.32781,1000.6470588235296
1366,1366,27.34783,994.9411764705884
1367,1367,27.36785,985.6470588235295
1368,1368,27.38787,972.0
1369,1369,27.40789,952.1764705882352
1370,1370,27.42791,937.8823529411765
1371,1371,27.44793,923.2352941176471
1372,1372,27.46795,904.1764705882354
1373,1373,27.48797,889.6470588235294
1374,1374,27.50799,873.7058823529412
1375,1375,27.52801,853.1176470588236
1376,1376,27.54803,836.4117647058823
1377,1377,27.56805,823.8235294117648
1378,1378,27.58807,816.2352941176471
1379,1379,27.60809,808.5882352941177
1380,1380,27.62811,804.235294117647
1381,1381,27.64813,793.9411764705884
1382,1382,27.66815,788.5294117647061
1383,1383,27.68817,784.4705882352943
1384,1384,27.70819,780.0588235294117
1385,1385,27.72821,780.1176470588236
1386,1386,27.74823,777.1764705882352
1387,1387,27.76825,775.8235294117648
1388,1388,27.78827,770.8235294117649
1389,1389,27.80829,767.9411764705883
1390,1390,27.82831,759.8235294117648
1391,1391,27.84833,756.9411764705884
1392,1392,27.86835,752.1764705882354
1393,1393,27.88837,748.3529411764706
1394,1394,27.90839,743.2352941176471
1395,1395,27.92841,736.1176470588236
1396,1396,27.94843,723.8235294117646
1397,1397,27.96844,716.0
1398,1398,27.98846,710.1176470588235
1399,1399,28.00848,704.0588235294117
1400,1400,28.0285,693.6470588235294
1401,1401,28.04852,686.1764705882354
1402,1402,28.06854,676.7647058823529
1403,1403,28.08856,672.4705882352941
1404,1404,28.10858,665.0588235294117
1405,1405,28.1286,658.0588235294118
1406,1406,28.14862,649.1764705882354
1407,1407,28.16864,647.4117647058824
1408,1408,28.18866,643.4117647058824
1409,1409,28.20868,638.9411764705883
1410,1410,28.2287,638.3529411764706
1411,1411,28.24872,638.7647058823529
1412,1412,28.26874,638.6470588235294
1413,1413,28.28876,639.1764705882354
1414,1414,28.30878,640.9411764705883
1415,1415,28.3288,639.1176470588235
1416,1416,28.34882,637.4705882352941
1417,1417,28.36884,636.5294117647057
1418,1418,28.38886,636.6470588235294
1419,1419,28.40888,637.529411764706
1420,1420,28.4289,636.0000000000001
1421,1421,28.44892,635.8823529411766
1422,1422,28.46894,639.8235294117648
1423,1423,28.48896,638.6470588235295
1424,1424,28.50898,639.3529411764707
1425,1425,28.529,642.8235294117648
1426,1426,28.54902,645.2941176470588
1427,1427,28.56904,644.4705882352941
1428,1428,28.58906,643.0
1429,1429,28.60908,641.3529411764706
1430,1430,28.6291,640.7058823529411
1431,1431,28.64911,637.6470588235294
1432,1432,28.66913,636.8823529411765
1433,1433,28.68915,636.8823529411766
1434,1434,28.70917,639.9411764705883
1435,1435,28.72919,640.8235294117648
1436,1436,28.74921,637.4705882352941
1437,1437,28.76923,636.7058823529412
1438,1438,28.78925,636.8823529411765
1439,1439,28.80927,635.4705882352941
1440,1440,28.82929,635.0588235294118
1441,1441,28.84931,635.5882352941177
1442,1442,28.86933,632.6470588235294
1443,1443,28.88935,632.4117647058824
1444,1444,28.90937,631.8823529411766
1445,1445,28.92939,628.7058823529412
1446,1446,28.94941,628.5882352941177
1447,1447,28.96943,626.4705882352941
1448,1448,28.98945,627.2352941176471
1449,1449,29.00947,630.1176470588235
1450,1450,29.02949,631.7058823529412
1451,1451,29.04951,631.2352941176472
1452,1452,29.06953,628.1764705882354
1453,1453,29.08955,629.0588235294118
1454,1454,29.10957,627.8235294117648
1455,1455,29.12959,627.2941176470589
1456,1456,29.14961,625.6470588235295
1457,1457,29.16963,627.7647058823529
1458,1458,29.18965,622.8235294117648
1459,1459,29.20967,619.3529411764707
1460,1460,29.22968,617.0000000000001
1461,1461,29.24971,614.3529411764707
1462,1462,29.26973,615.2941176470589
1463,1463,29.28975,615.7058823529412
1464,1464,29.30976,616.6470588235294
1465,1465,29.32978,617.8235294117646
1466,1466,29.3498,612.8823529411766
1467,1467,29.36982,610.2352941176471
1468,1468,29.38984,607.1764705882354
1469,1469,29.40986,606.5294117647061
1470,1470,29.42988,605.4117647058823
1471,1471,29.4499,607.2352941176471
1472,1472,29.46992,604.2352941176471
1473,1473,29.48994,602.9411764705883
1474,1474,29.50996,602.4117647058823
1475,1475,29.52998,604.8823529411765
1476,1476,29.55,606.7058823529412
1477,1477,29.57002,606.0588235294117
1478,1478,29.59004,604.0588235294118
1479,1479,29.61006,601.529411764706
1480,1480,29.63008,598.5882352941177
1481,1481,29.6501,598.1764705882354
1482,1482,29.67012,597.8823529411765
1483,1483,29.69014,598.7647058823529
1484,1484,29.71016,599.6470588235295
1485,1485,29.73018,598.3529411764707
1486,1486,29.7502,596.5294117647059
1487,1487,29.77022,596.9411764705883
1488,1488,29.79024,596.0000000000001
1489,1489,29.81026,596.5294117647059
1490,1490,29.83028,596.4705882352941
1491,1491,29.8503,594.2941176470588
1492,1492,29.87032,593.4117647058824
1493,1493,29.89034,594.6470588235295
1494,1494,29.91036,596.4705882352941
1495,1495,29.93038,600.4705882352941
1496,1496,29.9504,602.4705882352941
1497,1497,29.97042,601.5294117647059
1498,1498,29.99043,600.5882352941177
1499,1499,30.01045,596.4705882352941
1500,1500,30.03047,594.0588235294118
1501,1501,30.05049,592.6470588235295
1502,1502,30.07051,593.1176470588235
1503,1503,30.09053,595.0588235294118
1504,1504,30.11055,591.1764705882354
1505,1505,30.13057,590.6470588235294
1506,1506,30.15059,590.5294117647059
1507,1507,30.17061,590.5882352941178
1508,1508,30.19063,592.8235294117648
1509,1509,30.21065,589.0
1510,1510,30.23067,586.4117647058824
1511,1511,30.25069,582.1176470588236
1512,1512,30.27071,579.9411764705883
1513,1513,30.29073,579.5882352941176
1514,1514,30.31075,579.8235294117648
1515,1515,30.33077,583.0000000000001
1516,1516,30.35079,583.5882352941177
1517,1517,30.37081,584.1176470588236
1518,1518,30.39083,583.4117647058824
1519,1519,30.41085,580.2941176470588
1520,1520,30.43087,580.764705882353
1521,1521,30.45089,582.6470588235294
1522,1522,30.47091,584.2352941176471
1523,1523,30.49093,583.9411764705883
1524,1524,30.51095,583.1764705882354
1525,1525,30.53097,579.7058823529412
1526,1526,30.55099,581.0588235294118
1527,1527,30.571,579.4117647058824
1528,1528,30.59103,577.4705882352941
1529,1529,30.61105,578.0000000000001
1530,1530,30.63107,577.8235294117648
1531,1531,30.65108,575.8235294117648
1532,1532,30.6711,573.4117647058824
1533,1533,30.69112,574.1764705882354
1534,1534,30.71114,574.8235294117648
1535,1535,30.73116,574.3529411764706
1536,1536,30.75118,578.3529411764706
1537,1537,30.7712,575.7058823529412
1538,1538,30.79122,573.1176470588236
1539,1539,30.81124,569.0000000000001
1540,1540,30.83126,566.529411764706
1541,1541,30.85128,567.7058823529412
1542,1542,30.8713,567.529411764706
1543,1543,30.89132,570.8235294117648
1544,1544,30.91134,570.6470588235295
1545,1545,30.93136,574.8823529411765
1546,1546,30.95138,572.0
1547,1547,30.9714,569.4705882352941
1548,1548,30.99142,568.4117647058824
1549,1549,31.01144,567.1176470588235
1550,1550,31.03146,565.764705882353
1551,1551,31.05148,567.5294117647059
1552,1552,31.0715,566.7058823529413
1553,1553,31.09152,565.2352941176471
1554,1554,31.11154,567.0
1555,1555,31.13156,570.4705882352941
1556,1556,31.15158,573.6470588235294
1557,1557,31.1716,574.4117647058824
1558,1558,31.19162,571.4117647058824
1559,1559,31.21164,572.8235294117648
1560,1560,31.23166,569.4705882352941
1561,1561,31.25167,570.5882352941177
1562,1562,31.2717,566.5882352941177
1563,1563,31.29172,567.6470588235295
1564,1564,31.31174,566.9411764705883
1565,1565,31.33175,568.8235294117649
1566,1566,31.35177,568.4705882352941
1567,1567,31.37179,569.529411764706
1568,1568,31.39181,565.4705882352941
1569,1569,31.41183,563.7647058823529
1570,1570,31.43185,561.1764705882354
1571,1571,31.45187,559.7647058823529
1572,1572,31.47189,558.6470588235295
1573,1573,31.49191,555.5882352941177
1574,1574,31.51193,554.4117647058823
1575,1575,31.53195,556.4117647058824
1576,1576,31.55197,553.0000000000001
1577,1577,31.57199,553.5294117647059
1578,1578,31.59201,551.0588235294118
1579,1579,31.61203,553.3529411764706
1580,1580,31.63205,552.529411764706
1581,1581,31.65207,554.7058823529412
1582,1582,31.67209,554.4117647058824
1583,1583,31.69211,554.3529411764706
1584,1584,31.71213,553.3529411764706
1585,1585,31.73215,553.5882352941177
1586,1586,31.75217,554.6470588235295
1587,1587,31.77219,554.2352941176472
1588,1588,31.79221,551.1176470588236
1589,1589,31.81223,551.0
1590,1590,31.83225,550.0588235294117
1591,1591,31.85227,547.6470588235295
1592,1592,31.87229,544.1764705882354
1593,1593,31.89231,543.5882352941177
1594,1594,31.91232,542.7058823529412
1595,1595,31.93235,542.0
1596,1596,31.95237,540.4117647058824
1597,1597,31.97239,541.1764705882354
1598,1598,31.9924,538.1176470588235
1599,1599,32.01242,534.2941176470589
1600,1600,32.03244,531.9411764705883
1601,1601,32.05246,528.7647058823529
1602,1602,32.07248,528.4117647058824
1603,1603,32.0925,526.8235294117648
1604,1604,32.11252,527.4117647058824
1605,1605,32.13254,530.1764705882354
1606,1606,32.15256,530.0588235294118
1607,1607,32.17258,528.6470588235295
1608,1608,32.1926,531.5882352941178
1609,1609,32.21262,531.9411764705883
1610,1610,32.23264,532.8235294117646
1611,1611,32.25266,533.3529411764706
1612,1612,32.27268,534.6470588235295
1613,1613,32.2927,535.1176470588235
1614,1614,32.31272,534.3529411764706
1615,1615,32.33274,533.0588235294118
1616,1616,32.35276,533.5882352941177
1617,1617,32.37278,534.1176470588235
1618,1618,32.3928,533.7647058823529
1619,1619,32.41282,533.5882352941177
1620,1620,32.43284,532.4117647058824
1621,1621,32.45286,530.764705882353
1622,1622,32.47288,528.8823529411766
1623,1623,32.4929,528.5294117647059
1624,1624,32.51292,531.5882352941177
1625,1625,32.53294,529.9411764705883
1626,1626,32.55296,528.8823529411765
1627,1627,32.57298,528.1176470588235
1628,1628,32.59299,523.5882352941178
1629,1629,32.61301,521.7647058823529
1630,1630,32.63303,520.8235294117646
1631,1631,32.65305,517.5294117647059
1632,1632,32.67307,518.9411764705883
1633,1633,32.69309,518.7058823529412
1634,1634,32.71311,518.6470588235294
1635,1635,32.73314,518.9411764705883
1636,1636,32.75315,517.4117647058824
1637,1637,32.77317,518.0588235294118
1638,1638,32.79319,518.1764705882354
1639,1639,32.81321,517.6470588235294
1640,1640,32.83323,518.4705882352941
1641,1641,32.85325,516.9411764705883
1642,1642,32.87327,516.2352941176471
1643,1643,32.89329,516.7058823529412
1644,1644,32.91331,520.3529411764706
1645,1645,32.93333,523.3529411764706
1646,1646,32.95335,524.3529411764706
1647,1647,32.97337,523.2941176470588
1648,1648,32.99339,524.5294117647059
1649,1649,33.01341,522.3529411764706
1650,1650,33.03343,525.8235294117648
1651,1651,33.05345,523.4117647058824
1652,1652,33.07347,522.4117647058823
1653,1653,33.09349,522.4117647058823
1654,1654,33.11351,521.2352941176471
1655,1655,33.13353,520.5882352941178
1656,1656,33.15355,518.764705882353
1657,1657,33.17357,514.5294117647059
1658,1658,33.19359,512.4117647058824
1659,1659,33.21361,511.05882352941177
1660,1660,33.23363,511.11764705882354
1661,1661,33.25365,509.2352941176471
1662,1662,33.27367,508.0
1663,1663,33.29369,509.0588235294118
1664,1664,33.31371,507.70588235294116
1665,1665,33.33372,507.29411764705884
1666,1666,33.35374,508.41176470588243
1667,1667,33.37376,503.764705882353
1668,1668,33.39378,501.94117647058823
1669,1669,33.4138,502.17647058823536
1670,1670,33.43382,501.7058823529413
1671,1671,33.45384,501.4117647058823
1672,1672,33.47386,501.5294117647059
1673,1673,33.49388,502.5882352941177
1674,1674,33.5139,504.6470588235295
1675,1675,33.53392,502.5294117647059
1676,1676,33.55394,502.1176470588236
1677,1677,33.57396,501.17647058823536
1678,1678,33.59398,498.8235294117647
1679,1679,33.614,497.5294117647059
1680,1680,33.63402,493.0588235294119
1681,1681,33.65404,493.52941176470597
1682,1682,33.67406,493.1764705882353
1683,1683,33.69408,492.764705882353
1684,1684,33.7141,492.9411764705883
1685,1685,33.73412,493.1176470588236
1686,1686,33.75414,490.94117647058823
1687,1687,33.77416,490.2352941176471
1688,1688,33.79418,491.1176470588236
1689,1689,33.8142,490.6470588235294
1690,1690,33.83422,488.7647058823529
1691,1691,33.85424,485.58823529411774
1692,1692,33.87426,484.7058823529413
1693,1693,33.89428,484.9411764705883
1694,1694,33.9143,483.41176470588243
1695,1695,33.93431,480.47058823529414
1696,1696,33.95433,479.4117647058824
1697,1697,33.97435,478.6470588235295
1698,1698,33.99437,476.88235294117646
1699,1699,34.01439,473.23529411764713
1700,1700,34.03441,473.1176470588236
1701,1701,34.05443,475.0
1702,1702,34.07446,474.23529411764713
1703,1703,34.09447,473.764705882353
1704,1704,34.11449,470.4705882352941
1705,1705,34.13451,469.17647058823536
1706,1706,34.15453,467.1176470588236
1707,1707,34.17455,468.764705882353
1708,1708,34.19457,469.3529411764706
1709,1709,34.21459,468.5882352941177
1710,1710,34.23461,464.5882352941176
1711,1711,34.25463,465.4117647058824
1712,1712,34.27465,466.8235294117648
1713,1713,34.29467,466.88235294117646
1714,1714,34.31469,466.11764705882354
1715,1715,34.33471,467.4117647058824
1716,1716,34.35473,470.35294117647067
1717,1717,34.37475,467.2352941176471
1718,1718,34.39477,464.88235294117646
1719,1719,34.41479,465.7058823529413
1720,1720,34.43481,465.88235294117646
1721,1721,34.45483,466.82352941176464
1722,1722,34.47485,464.5882352941177
1723,1723,34.49487,467.0000000000001
1724,1724,34.51488,465.88235294117646
1725,1725,34.53491,467.3529411764706
1726,1726,34.55493,469.2941176470589
1727,1727,34.57495,472.3529411764706
1728,1728,34.59497,469.05882352941177
1729,1729,34.61499,466.11764705882354
1730,1730,34.63501,461.8823529411765
1731,1731,34.65503,464.6470588235295
1732,1732,34.67505,464.94117647058823
1733,1733,34.69506,463.94117647058823
1734,1734,34.71508,466.11764705882354
1735,1735,34.7351,463.11764705882354
1736,1736,34.75512,461.7058823529412
1737,1737,34.77514,461.4117647058824
1738,1738,34.79516,460.1764705882353
1739,1739,34.81518,459.52941176470586
1740,1740,34.8352,455.82352941176475
1741,1741,34.85522,453.1176470588236
1742,1742,34.87524,448.5882352941177
1743,1743,34.89526,446.5882352941177
1744,1744,34.91528,445.7647058823529
1745,1745,34.9353,447.11764705882354
1746,1746,34.95532,446.6470588235294
1747,1747,34.97534,448.7058823529412
1748,1748,34.99536,445.3529411764706
1749,1749,35.01538,442.35294117647055
1750,1750,35.0354,442.764705882353
1751,1751,35.05542,439.0
1752,1752,35.07544,439.8823529411765
1753,1753,35.09546,438.82352941176475
1754,1754,35.11548,437.64705882352945
1755,1755,35.1355,437.76470588235304
1756,1756,35.15552,438.11764705882354
1757,1757,35.17554,439.2352941176472
1758,1758,35.19556,441.2352941176471
1759,1759,35.21558,440.1764705882353
1760,1760,35.2356,441.6470588235294
1761,1761,35.25562,440.7058823529412
1762,1762,35.27563,440.2941176470589
1763,1763,35.29565,439.35294117647067
1764,1764,35.31567,437.94117647058823
1765,1765,35.33569,439.5882352941177
1766,1766,35.35571,440.0
1767,1767,35.37573,437.9411764705883
1768,1768,35.39575,438.5882352941177
1769,1769,35.41577,439.5294117647059
1770,1770,35.43579,438.8823529411765
1771,1771,35.45581,440.17647058823536
1772,1772,35.47583,440.58823529411774
1773,1773,35.49585,442.11764705882354
1774,1774,35.51587,439.3529411764706
1775,1775,35.53589,437.1176470588236
1776,1776,35.55591,438.11764705882354
1777,1777,35.57593,436.82352941176475
1778,1778,35.59595,434.5882352941177
1779,1779,35.61597,434.0588235294118
1780,1780,35.63599,435.29411764705884
1781,1781,35.65601,436.9411764705883
1782,1782,35.67603,433.1764705882353
1783,1783,35.69605,433.29411764705884
1784,1784,35.71607,431.52941176470597
1785,1785,35.73609,432.4705882352942
1786,1786,35.75611,432.00000000000006
1787,1787,35.77613,433.5882352941176
1788,1788,35.79615,432.11764705882354
1789,1789,35.81617,430.82352941176475
1790,1790,35.83619,428.5294117647059
1791,1791,35.8562,428.4705882352942
1792,1792,35.87623,427.17647058823536
1793,1793,35.89625,424.11764705882354
1794,1794,35.91627,422.5294117647059
1795,1795,35.93629,425.0588235294118
1796,1796,35.95631,422.41176470588243
1797,1797,35.97633,421.3529411764706
1798,1798,35.99635,419.2352941176471
1799,1799,36.01637,419.0588235294118
1800,1800,36.03638,417.94117647058823
1801,1801,36.0564,418.11764705882354
1802,1802,36.07642,415.05882352941177
1803,1803,36.09644,413.29411764705884
1804,1804,36.11646,412.0588235294118
1805,1805,36.13648,412.00000000000006
1806,1806,36.1565,410.4117647058824
1807,1807,36.17652,410.47058823529414
1808,1808,36.19654,409.8235294117648
1809,1809,36.21656,410.4705882352941
1810,1810,36.23658,412.0588235294118
1811,1811,36.2566,409.0
1812,1812,36.27662,407.64705882352945
1813,1813,36.29664,408.0
1814,1814,36.31666,406.0
1815,1815,36.33668,404.3529411764706
1816,1816,36.3567,403.5882352941177
1817,1817,36.37672,400.58823529411774
1818,1818,36.39674,400.7647058823529
1819,1819,36.41676,400.7647058823529
1820,1820,36.43678,398.88235294117646
1821,1821,36.4568,396.82352941176475
1822,1822,36.47682,394.23529411764713
1823,1823,36.49684,395.11764705882354
1824,1824,36.51686,394.764705882353
1825,1825,36.53688,394.4705882352941
1826,1826,36.5569,392.6470588235294
1827,1827,36.57692,391.11764705882354
1828,1828,36.59694,392.0
1829,1829,36.61695,388.29411764705884
1830,1830,36.63697,386.94117647058823
1831,1831,36.65699,387.23529411764713
1832,1832,36.67701,386.05882352941177
1833,1833,36.69703,385.2941176470588
1834,1834,36.71705,386.23529411764713
1835,1835,36.73707,384.5294117647059
1836,1836,36.75709,380.8235294117648
1837,1837,36.77711,381.0
1838,1838,36.79713,381.0588235294118
1839,1839,36.81715,382.9411764705883
1840,1840,36.83717,382.11764705882354
1841,1841,36.85719,378.5294117647059
1842,1842,36.87721,376.4117647058824
1843,1843,36.89723,374.70588235294116
1844,1844,36.91725,374.11764705882354
1845,1845,36.93727,374.70588235294116
1846,1846,36.95729,375.2352941176471
1847,1847,36.97731,375.64705882352945
1848,1848,36.99733,376.29411764705884
1849,1849,37.01735,377.64705882352945
1850,1850,37.03737,376.9411764705883
1851,1851,37.05739,375.0
1852,1852,37.07741,373.00000000000006
1853,1853,37.09743,374.8823529411765
1854,1854,37.11745,374.0588235294118
1855,1855,37.13747,371.5882352941176
1856,1856,37.15749,367.29411764705884
1857,1857,37.17751,366.7058823529412
1858,1858,37.19753,369.2352941176471
1859,1859,37.21755,370.4117647058824
1860,1860,37.23757,370.05882352941177
1861,1861,37.25759,371.6470588235295
1862,1862,37.27761,369.11764705882354
1863,1863,37.29763,368.3529411764706
1864,1864,37.31765,368.64705882352945
1865,1865,37.33767,366.0
1866,1866,37.35769,363.3529411764706
1867,1867,37.3777,365.2352941176471
1868,1868,37.39772,364.2352941176471
1869,1869,37.41774,365.11764705882354
1870,1870,37.43776,366.0
1871,1871,37.45778,365.764705882353
1872,1872,37.4778,365.8235294117647
1873,1873,37.49782,367.47058823529414
1874,1874,37.51784,365.2352941176471
1875,1875,37.53786,362.5294117647059
1876,1876,37.55788,361.29411764705884
1877,1877,37.5779,361.9411764705883
1878,1878,37.59792,359.11764705882354
1879,1879,37.61794,359.2352941176471
1880,1880,37.63796,358.4117647058824
1881,1881,37.65798,355.82352941176475
1882,1882,37.678,356.29411764705884
1883,1883,37.69802,357.2941176470589
1884,1884,37.71804,353.7058823529412
1885,1885,37.73806,352.5882352941177
1886,1886,37.75808,350.88235294117646
1887,1887,37.7781,348.764705882353
1888,1888,37.79812,347.2352941176471
1889,1889,37.81814,346.88235294117646
1890,1890,37.83816,345.0588235294118
1891,1891,37.85818,342.47058823529414
1892,1892,37.8782,342.4705882352941
1893,1893,37.89822,341.5882352941177
1894,1894,37.91824,341.8235294117648
1895,1895,37.93826,342.1764705882353
1896,1896,37.95827,342.3529411764706
1897,1897,37.97829,342.05882352941177
1898,1898,37.99831,343.11764705882354
1899,1899,38.01833,342.7647058823529
1900,1900,38.03835,341.99999999999994
1901,1901,38.05837,342.11764705882354
1902,1902,38.07839,342.8823529411765
1903,1903,38.09841,343.5882352941177
1904,1904,38.11843,344.88235294117646
1905,1905,38.13845,344.00000000000006
1906,1906,38.15847,341.82352941176475
1907,1907,38.17849,340.4117647058824
1908,1908,38.19851,342.11764705882354
1909,1909,38.21853,340.3529411764706
1910,1910,38.23855,339.5294117647059
1911,1911,38.25857,338.88235294117646
1912,1912,38.27859,338.1176470588235
1913,1913,38.29861,337.0588235294118
1914,1914,38.31863,338.3529411764706
1915,1915,38.33865,336.47058823529414
1916,1916,38.35867,334.70588235294116
1917,1917,38.37869,336.3529411764706
1918,1918,38.39871,336.764705882353
1919,1919,38.41873,335.94117647058823
1920,1920,38.43875,334.764705882353
1921,1921,38.45877,332.52941176470586
1922,1922,38.47879,332.29411764705884
1923,1923,38.49881,334.0
1924,1924,38.51883,333.4117647058824
1925,1925,38.53885,331.94117647058823
1926,1926,38.55886,331.5882352941177
1927,1927,38.57889,331.00000000000006
1928,1928,38.59891,328.4705882352942
1929,1929,38.61893,326.35294117647067
1930,1930,38.63895,327.35294117647055
1931,1931,38.65897,325.11764705882354
1932,1932,38.67899,323.4117647058823
1933,1933,38.69901,322.5882352941176
1934,1934,38.71902,321.11764705882354
1935,1935,38.73904,320.17647058823536
1936,1936,38.75906,321.00000000000006
1937,1937,38.77908,320.64705882352945
1938,1938,38.7991,319.29411764705884
1939,1939,38.81912,318.11764705882354
1940,1940,38.83914,315.88235294117646
1941,1941,38.85916,316.5882352941177
1942,1942,38.87918,314.88235294117646
1943,1943,38.8992,314.764705882353
1944,1944,38.91922,313.05882352941177
1945,1945,38.93924,314.3529411764706
1946,1946,38.95926,314.9411764705883
1947,1947,38.97928,313.05882352941177
1948,1948,38.9993,310.17647058823536
1949,1949,39.01932,310.88235294117646
1950,1950,39.03934,309.9411764705883
1951,1951,39.05936,306.52941176470586
1952,1952,39.07938,304.4705882352941
1953,1953,39.0994,303.1764705882353
1954,1954,39.11942,303.47058823529414
1955,1955,39.13944,301.8235294117647
1956,1956,39.15946,303.2352941176471
1957,1957,39.17948,302.764705882353
1958,1958,39.1995,301.2941176470589
1959,1959,39.21952,301.5882352941177
1960,1960,39.23954,301.5882352941177
1961,1961,39.25956,301.8235294117647
1962,1962,39.27958,297.7058823529412
1963,1963,39.29959,296.3529411764706
1964,1964,39.31961,293.4117647058824
1965,1965,39.33963,293.00000000000006
1966,1966,39.35965,291.4117647058823
1967,1967,39.37967,291.88235294117646
1968,1968,39.39969,291.8823529411765
1969,1969,39.41971,291.82352941176475
1970,1970,39.43973,289.47058823529414
1971,1971,39.45975,287.11764705882354
1972,1972,39.47977,288.2941176470588
1973,1973,39.49979,284.70588235294116
1974,1974,39.51981,285.4117647058824
1975,1975,39.53983,285.82352941176475
1976,1976,39.55985,286.47058823529414
1977,1977,39.57987,283.0
1978,1978,39.59989,282.4117647058824
1979,1979,39.61991,282.2352941176471
1980,1980,39.63993,281.4117647058824
1981,1981,39.65995,280.94117647058823
1982,1982,39.67997,282.5882352941177
1983,1983,39.69999,281.52941176470586
1984,1984,39.72001,280.52941176470586
1985,1985,39.74003,278.47058823529414
1986,1986,39.76005,276.0
1987,1987,39.78007,275.8235294117647
1988,1988,39.80009,272.764705882353
1989,1989,39.82011,270.11764705882354
1990,1990,39.84013,269.2352941176471
1991,1991,39.86015,267.82352941176475
1992,1992,39.88017,264.7058823529412
1993,1993,39.90018,262.05882352941177
1994,1994,39.92021,262.0
1995,1995,39.94023,260.3529411764706
1996,1996,39.96025,258.1764705882353
1997,1997,39.98027,255.76470588235296
1998,1998,40.00029,256.0
1999,1999,40.02031,254.0
2000,2000,40.04033,252.11764705882356
2001,2001,40.06034,251.70588235294122
2002,2002,40.08036,252.05882352941177
2003,2003,40.10038,253.05882352941177
2004,2004,40.1204,251.76470588235298
2005,2005,40.14042,252.41176470588238
2006,2006,40.16044,251.0588235294118
2007,2007,40.18046,250.76470588235296
2008,2008,40.20048,249.58823529411768
2009,2009,40.2205,248.41176470588235
2010,2010,40.24052,248.11764705882356
2011,2011,40.26054,248.1764705882353
2012,2012,40.28056,247.0
2013,2013,40.30058,247.82352941176472
2014,2014,40.3206,248.1764705882353
2015,2015,40.34062,244.76470588235298
2016,2016,40.36064,244.4117647058824
2017,2017,40.38066,243.76470588235296
2018,2018,40.40068,241.23529411764707
2019,2019,40.4207,239.76470588235293
2020,2020,40.44072,237.58823529411765
2021,2021,40.46074,235.64705882352942
2022,2022,40.48076,234.00000000000003
2023,2023,40.50078,233.82352941176472
2024,2024,40.5208,232.94117647058826
2025,2025,40.54082,229.88235294117646
2026,2026,40.56084,229.70588235294122
2027,2027,40.58086,228.5294117647059
2028,2028,40.60088,227.17647058823528
2029,2029,40.6209,224.58823529411768
2030,2030,40.64091,222.4117647058824
2031,2031,40.66093,220.88235294117646
2032,2032,40.68095,221.52941176470588
2033,2033,40.70097,219.41176470588238
2034,2034,40.72099,218.76470588235293
2035,2035,40.74101,218.1764705882353
2036,2036,40.76103,216.23529411764707
2037,2037,40.78105,215.11764705882354
2038,2038,40.80107,214.76470588235298
2039,2039,40.82109,215.0
2040,2040,40.84111,214.3357843137255
2041,2041,40.86113,213.671568627451
2042,2042,40.88115,213.00735294117646
2043,2043,40.90117,212.34313725490196
2044,2044,40.92119,211.67892156862746
2045,2045,40.94121,211.01470588235296
2046,2046,40.96123,210.35049019607845
2047,2047,40.98125,209.68627450980395
